id,datetime,from,to,text
681,2023-04-03T11:56:01Z,00:00,00:12,"The decision to carry out the Bakhmut operation, the so-called Bakhmut meat grinder, was made by the commanders of the ChVK ""Wagner""."
681,2023-04-03T11:56:01Z,00:13,00:28,"And it was Sergey Suravikhin who took part in its development and implementation, while he was the head of the group."
681,2023-04-03T11:56:01Z,00:28,00:38,And so I would take into account a huge number of decisions that were made.
679,2023-04-02T22:15:10Z,00:00,00:05,"At the same time, I immediately answer Uraru and Delishtorm."
679,2023-04-02T22:15:10Z,00:05,00:13,"I do not know the details of the incident, I was only informed that, unfortunately, Vladlen Tatar died."
679,2023-04-02T22:15:10Z,00:13,00:17,I do not know the rest of the details.
679,2023-04-02T22:15:10Z,00:17,00:25,"Indeed, I passed the cafe to the CyberZ Patriotic Movement."
679,2023-04-02T22:15:10Z,00:25,00:32,"They held various seminars there. Most likely, this tragedy happened at the seminar."
679,2023-04-02T22:15:10Z,00:32,00:44,"As for the death of Daria Dugina, everything is similar, but I would not blame the Kiev regime for these actions."
679,2023-04-02T22:15:10Z,00:44,00:52,I think that there is a group of radicals who have little to do with the government.
679,2023-04-02T22:15:10Z,00:52,00:54,I would call it that.
677,2023-04-02T21:32:41Z,00:01,00:21,"On April 2, 1923, at 23.00, we put a Russian flag with the inscription ""To the Tatar Vladlen, good memory"" and the VKV Wagner flag on the city administration of Bakhmut."
677,2023-04-02T21:32:41Z,00:21,00:30,The legal Bakhmut is taken. The enemy is concentrated in the western regions.
672,2023-03-31T10:26:11Z,00:00,00:08,The head of the VKV Wagner and I personally addressed the prosecutor of the Tula region with the main question.
672,2023-03-31T10:26:11Z,00:08,00:13,The girl must live in the family if there is such an opportunity.
672,2023-03-31T10:26:11Z,00:13,00:23,"Therefore, if the mother is reunited with the girl, then, in fact, the main question has already been solved."
670,2023-03-31T09:10:59Z,00:00,00:03,"No, the Ukrainian army does not run away."
670,2023-03-31T09:10:59Z,00:03,00:10,The Ukrainian army is fighting bloody battles and is defending Artyomovsk at the cost of very serious losses.
670,2023-03-31T09:10:59Z,00:10,00:15,"We are moving forward, we take every building, every entrance, every garage between buildings."
670,2023-03-31T09:10:59Z,00:15,00:18,In Bakhmut about 800 buildings.
670,2023-03-31T09:10:59Z,00:18,00:21,"If we talk about every entrance, you will get tired of listening to us."
670,2023-03-31T09:10:59Z,00:21,00:24,"When we take Bakhmut, then we will talk about it."
670,2023-03-31T09:10:59Z,00:24,00:29,Another important aspect that must be noted is the retention of flanks.
670,2023-03-31T09:10:59Z,00:29,00:35,"We need to concentrate in the city today, because it is a very large amount of combat work."
670,2023-03-31T09:10:59Z,00:35,00:42,"And the flanks are necessary so that we are not let down, so that our allied units hold them."
669,2023-03-30T15:32:30Z,00:01,00:09,"Dear Alison, my dear, you ask too many questions today."
669,2023-03-30T15:32:30Z,00:09,00:16,I am busy looking for the body of your colleague at my garden plot.
669,2023-03-30T15:32:30Z,00:16,00:20,And you ask me about some new events.
669,2023-03-30T15:32:30Z,00:20,00:23,"I have a big request, do not bother me anymore."
668,2023-03-30T14:42:29Z,00:00,00:13,"One important point. Since January, the ChNPP ""Wagner"" has not taken prisoners from the correctional and labor institutions in its ranks."
668,2023-03-30T14:42:29Z,00:13,00:38,"If someone goes somewhere, it is definitely not in the ChNPP ""Wagner"". Those who fought with us, those who were called upon by us to fight the enemy, we bear further responsibility for them, we treat them, we prosthesize them, we put them on their feet, socialize them, pay everything they have to pay."
668,2023-03-30T14:42:29Z,00:38,00:53,"But new people from correctional and labor institutions, for certain reasons, not in any case not related to the fact that they led us somewhere, did something wrong, they are great fellows and did everything well during the war."
668,2023-03-30T14:42:29Z,00:53,01:03,"But for certain administrative reasons, we do not take them anymore. Therefore, if someone goes somewhere, then it is not for us. Do not confuse."
668,2023-03-30T14:42:29Z,01:03,01:05,[End of the first part]
667,2023-03-30T14:42:29Z,00:00,00:06,"Regarding Ivan Rastamakhin, it is very bad that he committed a crime."
667,2023-03-30T14:42:29Z,00:06,00:14,"And, of course, we are ready to assist law enforcement agencies regarding any of our former fighters."
667,2023-03-30T14:42:29Z,00:14,00:26,"In the future, of course, if a person behaves aggressively or is causing or there is some risk, especially if we have a category of former prisoners, of course, we need to report."
667,2023-03-30T14:42:29Z,00:26,00:38,"We will send our recruiting group, carefully take him under white handcuffs and send him to the front where he must show his aggression."
667,2023-03-30T14:42:29Z,00:38,01:06,"But it should be noted that for all the time, of the thousands of those who came out, only 20 crimes. And a very important point. These people not only commit them much less than it was before, dozens of times, but thanks to the fact that they fought, a lot of your children, fathers and husbands did not die."
667,2023-03-30T14:42:29Z,01:06,01:08,No matter who they are.
667,2023-03-30T14:42:29Z,01:08,01:10,Bye!
661,2023-03-29T12:34:28Z,00:00,00:12,"I did not see this comment, but if Joseph Igorevich thinks that I do not need to teach him, of course I will not do it."
661,2023-03-29T12:34:28Z,00:12,00:26,"Because a person who goes through the highest leadership of the country has a wolfram, and I would even say vanadium, eggs."
661,2023-03-29T12:34:28Z,00:26,00:41,"Therefore, there is nowhere to go with my usual metal ones. If he decides to roll me up, I will not even resist, but just lie down and say thank you."
661,2023-03-29T12:34:28Z,00:41,00:51,"Therefore, of course, I will not make any answers to Joseph Igorevich. Joseph Igorevich, excuse me, please."
661,2023-03-29T12:34:28Z,00:51,00:53,You are welcome.
660,2023-03-29T10:55:20Z,00:01,00:14,"You ask for ammunition, political ambitions, you ask to bury a fighter with honors, political ambitions, for a 12-year-old child in a clasp, political ambitions."
660,2023-03-29T10:55:20Z,00:14,00:20,"In our country, no one has political ambitions, the whole country should have political ambitions."
660,2023-03-29T10:55:20Z,00:20,00:33,"And the fact that you are talking in your tongues, it would be better to jump for a 12-year-old child. The law is urgently needed in order for any political ambition to immediately shoot on the spot, immediately."
659,2023-03-29T10:20:12Z,00:00,00:09,"After the capture of Popasnaya, the battle for Bakhmut was planned by my commanders last summer."
659,2023-03-29T10:20:12Z,00:09,00:13,And we are going along this path.
659,2023-03-29T10:20:12Z,00:13,00:18,The battle for Bakhmut today has practically destroyed the Ukrainian army.
659,2023-03-29T10:20:12Z,00:18,00:22,"And, unfortunately, the ChVK ""Wagner"" was badly damaged."
659,2023-03-29T10:20:12Z,00:22,00:35,"If today two countries are fighting - Ukraine with the collective West on one side and Russia with a small number of allies,"
659,2023-03-29T10:20:12Z,00:35,00:46,"then the general battle of the ChVK ""Wagner"" against the Ukrainian Armed Forces with the installation of foreign units in it,"
659,2023-03-29T10:20:12Z,00:46,00:58,"in which the ChVK ""Wagner"" will win, is the greatest turn in this war and in all modern history."
659,2023-03-29T10:20:12Z,00:58,01:08,"ChVK ""Wagner"" destroys the foreign forces that are trying to put Russia on its knees."
659,2023-03-29T10:20:12Z,01:08,01:23,"This is a great turn in the war, because on the chessboard there will be only one Russian army, and all the other figures will be removed from it."
659,2023-03-29T10:20:12Z,01:23,01:36,"And if the ChVK ""Wagner"" dies in the Bakhmut ""Vesorubka"" and takes with him to the Armed Forces and the forces that he has given him with foreign weapons,"
659,2023-03-29T10:20:12Z,01:36,01:47,"and will give the opportunity for the Russian army to go further to defend the interests of Russia, then we have fulfilled our historical role."
659,2023-03-29T10:20:12Z,01:47,01:51,And here we can put an end to it.
659,2023-03-29T10:20:12Z,01:51,01:55,But I would say one more sentence.
659,2023-03-29T10:20:12Z,01:55,02:03,"All the rest should not be silent, all the rest should be ready, all the rest should go forward."
659,2023-03-29T10:20:12Z,02:03,02:17,"I remind you again, the flanks of the South and the North should go and tear everything else, then history will turn back."
657,2023-03-28T13:59:01Z,00:00,00:08,"No, this does not correspond to reality. There were no divisions of the ChVK ""Wagner"" on the outpost."
657,2023-03-28T13:59:01Z,00:08,00:13,All the tasks that are performed are performed exclusively by the military.
657,2023-03-28T13:59:01Z,00:13,00:18,And good luck to the guys in fulfilling their tasks.
656,2023-03-28T11:02:32Z,00:00,00:07,"In order to manage the fighters, you need to understand what they are doing, to be in their shoes."
656,2023-03-28T11:02:32Z,00:07,00:14,And that's why such trips are absolutely necessary and necessary regularly.
656,2023-03-28T11:02:32Z,00:14,00:18,"It doesn't mean that you have to sit in a trench, you also need to manage."
656,2023-03-28T11:02:32Z,00:18,00:24,"But I want you to pay attention to this video, there are two people."
656,2023-03-28T11:02:32Z,00:24,00:32,"One is standing on his knees, holding the sector of fire along the street so that it could be run over."
656,2023-03-28T11:02:32Z,00:32,00:35,He is a regiment commander by his status.
656,2023-03-28T11:02:32Z,00:35,00:45,"And the one who gives an interview in the counter-light, in the black and white camera, he is a division commander by his status."
656,2023-03-28T11:02:32Z,00:45,00:48,"In this sense, the guy is a lardner."
656,2023-03-28T11:02:32Z,00:48,00:54,"Nobody relaxes in the offices, everyone works and sees the process from the inside."
656,2023-03-28T11:02:32Z,00:54,00:57,And that's why everything works like clockwork.
656,2023-03-28T11:02:32Z,00:57,00:59,[References]
652,2023-03-28T09:58:51Z,00:00,00:29.960,"and what happened under the coal mine I know but the time to tell has not yet come to you as for the removal of General Muradov, but first of all, after the events under the coal mine, he has already received the rank of Colonel General, and secondly, I can say one thing Muradov always fulfilled the tasks set by a higher leadership,"
652,2023-03-28T09:58:51Z,00:29.960,00:49.880,"so it is written in the charter, so I can not comment on the situation, I can say that when the leaves begin to dry on the tree, then it is not necessary that the problem is in the leaves, sometimes it happens that the root system does not cope or the"
652,2023-03-28T09:58:51Z,00:49.880,00:51.880,You've started before the Karaites!
648,2023-03-27T10:06:55Z,00:01,00:11,"I offer you two options of answer, since this is really a question of Reuters, and you can answer it."
648,2023-03-27T10:06:55Z,00:11,00:35,"The first option is ""I don't know anything, I haven't seen anything, contact the state authorities"". The second option is ""I recruited him personally in a colony in the Yaroslavl region, he died heroically, honoring his comrades""."
648,2023-03-27T10:06:55Z,00:35,00:52,"And his motives were as follows. When we were sitting in one of the offices of the VK2, I told him, ""You have a 7-year term, you have served almost two years, you will soon be released on parole. Why do you need this?"""
648,2023-03-27T10:06:55Z,00:52,01:10,"To which he replied, ""The people of Donbass have been in the same position for many years as the black people on the African continent. We exist, but we do not exist."
648,2023-03-27T10:06:55Z,01:10,01:25,"Because any white man who comes from overseas treats you like an animal. And so I will learn to fight them."" That's what he told me."
648,2023-03-27T10:06:55Z,01:25,01:40,"He convinced me that I should take him, and I did. Therefore, a great guy did the right thing by applying. It's a pity that he died, so he would have returned to Africa and would have put things in order there."
648,2023-03-27T10:06:55Z,01:40,01:43.080,[music]
646,2023-03-27T08:12:48Z,00:00,00:21,"The fact that Joseph spoke on the phone is his complete right. If you ban telephone conversations under the article ""discrediting"", then you can start a criminal case or some other ""dragon measures""."
646,2023-03-27T08:12:48Z,00:21,00:40,"But the fact that he began to ""discredit"" after that, I think, is a complete asshole."
644,2023-03-26T12:06:34Z,00:01,00:09,"I was not aware of the phone conversation between you and Joseph Prigozhin,"
644,2023-03-26T12:06:34Z,00:09,00:14,"but after you asked this question, I became interested."
644,2023-03-26T12:06:34Z,00:14,00:22,"There is no time for listening to the conversation, so I asked to make a short summary."
644,2023-03-26T12:06:34Z,00:22,00:25,And so I was a little plunged into the subject.
644,2023-03-26T12:06:34Z,00:25,00:34,I will answer this way. It is possible that those people who carried out this special operation
644,2023-03-26T12:06:34Z,00:34,00:43,and who made this conversation could think that I am talking.
644,2023-03-26T12:06:34Z,00:43,00:49,"Moreover, if you do not speak, for example, Russian, then it is very easy to confuse."
644,2023-03-26T12:06:34Z,00:49,00:59,As for why we got to Joseph Prigozhin and how not to get into this trap next time.
644,2023-03-26T12:06:34Z,00:59,01:05,Joseph Prigozhin is very different from me.
644,2023-03-26T12:06:34Z,01:05,01:16,"First, he is Joseph, and secondly, he is a rather daring, aggressive and hot-tempered person."
644,2023-03-26T12:06:34Z,01:16,01:19,"By nature, show business is so accepted."
644,2023-03-26T12:06:34Z,01:19,01:26,"And I am a very calm, thoughtful and non-aggressive person."
644,2023-03-26T12:06:34Z,01:26,01:32,"Therefore, in the future, if you hear a bright, expansive speech,"
644,2023-03-26T12:06:34Z,01:32,01:36,"this is what I say to our foreign comrades, so to speak,"
644,2023-03-26T12:06:34Z,01:36,01:42,"if you hear a bright, explosive speech, it is 100% similar to Joseph Prigozhin."
644,2023-03-26T12:06:34Z,01:42,01:47,"If a soft person has a calm voice, then it is me, Evgeny Prigozhin."
644,2023-03-26T12:06:34Z,01:47,01:49,N. Prigozhin.
640,2023-03-25T06:46:02Z,00:00,00:11,"At the moment, more than 5,000 people have completed the contract with the ChNPP Wagner and have been released on pardon."
640,2023-03-25T06:46:02Z,00:11,00:20,The percentage of people who committed a repeat crime within a month is 0.31.
640,2023-03-25T06:46:02Z,00:20,00:27,This is 10-20 times less than the standard figures before the ChNPP.
640,2023-03-25T06:46:02Z,00:27,00:35,The main target of those who commit crimes is to ease the various degrees of gravity
640,2023-03-25T06:46:02Z,00:35,00:48,for those people who are opposed to the Kiev regime and who are against the tasks that are set within the framework of the ChNPP.
640,2023-03-25T06:46:02Z,00:48,00:55,"Therefore, I can say with confidence that we have reduced crime in Russia by 10 times,"
640,2023-03-25T06:46:02Z,00:55,01:05,and we have tamed former prisoners better than we have tamed pioneers and octobrists in Soviet times.
633,2023-03-22T18:07:04Z,00:00,00:05,I believe that the law of the ChNPP in Russia is not needed.
633,2023-03-22T18:07:04Z,00:05,00:11,"For many years we have been fulfilling tasks on the territory of Africa, Asia and other countries"
633,2023-03-22T18:07:04Z,00:11,00:14,according to the laws of those states where we were.
633,2023-03-22T18:07:04Z,00:14,00:20,"Today we are here and use tanks, planes and other weapons"
633,2023-03-22T18:07:04Z,00:20,00:27,"exclusively to protect the Russian people, their loved ones and their families."
633,2023-03-22T18:07:04Z,00:27,00:34,"As soon as we throw away the enemy, as soon as our army finally stands on its feet,"
633,2023-03-22T18:07:04Z,00:34,00:39,we will immediately return to the work that was done before.
627,2023-03-21T18:40:18Z,00:00,00:09,"Today, the AHMAD units, with the support of the 2nd Army Corps, have made great progress in one of the important areas."
627,2023-03-21T18:40:18Z,00:09,00:14,I sincerely congratulate the guys and keep it up!
627,2023-03-21T18:40:18Z,00:14,00:17,[music]
625,2023-03-20T16:12:14Z,00:01,00:06,The war has exacerbated the colossal division in society.
625,2023-03-20T16:12:14Z,00:07,00:36,"The bureaucrats have relatives, children, whom they make the perfect world. And in this world there is no place for ordinary guys, especially those who once gave in, once did something that society does not perceive from the point of view of bureaucrats and officials."
625,2023-03-20T16:12:14Z,00:36,00:48,A bunch of guys who at the age of 18 stood up for their girlfriend and slapped a lieutenant in the club who grabbed her ass.
625,2023-03-20T16:12:14Z,00:49,01:10,"Such a guy goes to prison for several years, and when he wants to become a full member of society, he does not have such an opportunity. This ticket for a full member of society can only be purchased through his family ties or forgery."
625,2023-03-20T16:12:14Z,01:11,01:36,"And so when these guys who committed offences showed that they can be heroes, take the former convict A.K. Gasparyan, who solemnly received the Medal of Courage from the hands of President Putin, who defended his homeland and will defend it."
625,2023-03-20T16:12:14Z,01:37,01:46,"And on the other hand, look at the husband of Shoygu, Stolyarov, Alexei, who is better?"
625,2023-03-20T16:12:14Z,01:46,02:00,"A.K., who committed a crime and sat down, came out, became a real hero. Or a bastard blogger, who was both a beast and remained a beast."
625,2023-03-20T16:12:14Z,02:01,02:07,The system is trying not to let them return to normal life. They want it.
625,2023-03-20T16:12:14Z,02:07,02:23,"Therefore, the percentage of repeated crimes, which used to be always fluctuating from 3.5 to 7 percent, which fell in the first month after the release, fell almost 15 times."
625,2023-03-20T16:12:14Z,02:24,02:32,"They value life, they want to love their homeland, they do not want to return to prison."
625,2023-03-20T16:12:14Z,02:32,02:53,"Therefore, their heroism has become toxic for those who hide under the floorboards of their relatives, and since the country consists of 20 percent of bureaucrats, they are not given this opportunity."
625,2023-03-20T16:12:14Z,02:53,02:55,The End
620,2023-03-20T11:13:20Z,00:00,00:19,"Today, the representative of the ChVK ""Wagner"" was invited to the governor of the Krasnodar Territory, Veniamin Ivanovich Kondratiev, where he was informed that there will be no obstacles for the burial of the fighters of the ChVK ""Wagner"" in the future."
619,2023-03-19T11:08:58Z,00:00,00:16,The prospects are foggy. I have already said that we must blow off all the air bubbles that we have in a huge number. We must concentrate on one thing - to win.
619,2023-03-19T11:08:58Z,00:17,00:31,"This means holding the front line, moving forward, forgetting the disagreements, grievances and everything else. And while intrigues, disassemblies and sticks are going in circles, they prevent us from fighting."
619,2023-03-19T11:08:58Z,00:32,00:51,"Therefore, what are the prospects and what should be done? We need to concentrate and wait for blows from the enemy and be ready to reflect these blows. I think we have a couple more weeks to prepare."
619,2023-03-19T11:08:58Z,00:52,00:57,"And then, if we don't do it, as they say, it will be too late to drink borscht."
618,2023-03-19T09:27:09Z,00:01,00:16,"Yes, indeed, on March 19, 1922, a detachment under the command of Rathibor entered their first battle in Novoaleksandrovka, where they destroyed a large number of the enemy."
618,2023-03-19T09:27:09Z,00:17,00:37,"And we learned that we were demanding our homeland a few days before that. The guys flew in one day from Africa in summer camouflage and in African panamas. Since then, a new history of wars has begun."
617,2023-03-19T08:05:48Z,00:00,00:15,"Thanks to all those who supported us and made the administration of ""Hot Key"" not to interfere with the funeral of the fighters ""Chuvash-Kavagner"" at the cemetery in the village of Bakinsky."
617,2023-03-19T08:05:48Z,00:15,00:21,Thanks to those who came and those who supported us yesterday.
617,2023-03-19T08:05:48Z,00:21,00:30,We made these bastards hide in their offices and not to interfere with us in this.
617,2023-03-19T08:05:48Z,00:30,00:34,"When we are together, we can do a lot."
617,2023-03-19T08:05:48Z,00:34,00:43,"Your support is very necessary and important not only to the fighters of ""Chuvash-Kavagner"" in this heavy, merciless war,"
617,2023-03-19T08:05:48Z,00:43,00:49,but also to those who are fighting side by side with us.
617,2023-03-19T08:05:48Z,00:49,00:53,Thank you for your support from all the fighters.
617,2023-03-19T08:05:48Z,00:53,00:55,[References]
613,2023-03-18T12:06:08Z,00:00,00:08,"As I said, the funeral will take place tomorrow at 10 am in a planned order."
613,2023-03-18T12:06:08Z,00:08,00:19,"And if the administration of the ""hot key"" will oppose us to bury our comrades,"
613,2023-03-18T12:06:08Z,00:19,00:26,then we will take appropriate measures and decisions.
613,2023-03-18T12:06:08Z,00:26,00:32,But I can say the following.
613,2023-03-18T12:06:08Z,00:32,00:38,"The fighters of the ""Chuvash-Kavagner"" defend the interests of Russia."
613,2023-03-18T12:06:08Z,00:38,00:43,They die for our Motherland.
613,2023-03-18T12:06:08Z,00:43,00:47,They are inserted sticks in the wheels wherever possible.
613,2023-03-18T12:06:08Z,00:47,00:51,"They are inserted, bastards officials."
613,2023-03-18T12:06:08Z,00:51,00:53,They do not give medals.
613,2023-03-18T12:06:08Z,00:53,00:56,They do not give ammunition.
613,2023-03-18T12:06:08Z,00:56,01:00,They do not let our comrades be buried.
613,2023-03-18T12:06:08Z,01:00,01:03,And in every way they oppose this.
613,2023-03-18T12:06:08Z,01:03,01:11,"If there is no place in the world, in Russia, on the territory of the largest country,"
613,2023-03-18T12:06:08Z,01:11,01:28,"there is no place for a meter or two to bury a hero who fought for the interests of the country and certainly for the financial interests of bastards officials,"
613,2023-03-18T12:06:08Z,01:28,01:34,then what will happen to the people?
613,2023-03-18T12:06:08Z,01:34,01:43,"Therefore, I believe that such actions will have the most severe consequences for history."
613,2023-03-18T12:06:08Z,01:43,01:52,"Our situation is that the concepts are completely confused,"
613,2023-03-18T12:06:08Z,01:52,01:56,"in which an official is a servant of the people,"
613,2023-03-18T12:06:08Z,01:56,02:04,and now he is a person who can be in charge of the fates of the people.
613,2023-03-18T12:06:08Z,02:04,02:06,And this is unacceptable.
611,2023-03-18T11:19:21Z,00:01,00:05.500,"- Yes, indeed, the result we have now, we did not expect."
611,2023-03-18T11:19:21Z,00:05.500,00:17.500,"- When we recruit up to 1200 people a day, at the same time, the average number is from 500 to 800,"
611,2023-03-18T11:19:21Z,00:17.500,00:27.500,"- since there is an active growth now. Perhaps, after a while, this number of, so to speak, recruits,"
611,2023-03-18T11:19:21Z,00:28,00:38.500,"- they can decrease a little, but nevertheless, by the middle of May, we plan that the number of fighters in the units"
611,2023-03-18T11:19:21Z,00:38.500,00:48.500,"- will increase by approximately 30,000. What is important to note, that if before, when we took in Ovsin,"
611,2023-03-18T11:19:21Z,00:48.500,00:56.500,"- then 30% were well prepared, physically active ""Borzoys"", and 70% required a certain adjustment,"
611,2023-03-18T11:19:21Z,00:57,01:05.500,"- then now our system, when people come, immediately give those necessary norms of physical training, which we take from them,"
611,2023-03-18T11:19:21Z,01:05.500,01:18.500,"- then all 100% have a normal, good physical shape. And this is a very important basis of how you will continue to learn military skill."
611,2023-03-18T11:19:21Z,01:19,01:29.500,"- You need to be strong, strong, confident in yourself. Those who have some shortcomings, they go to the gym up to 2-3 weeks,"
611,2023-03-18T11:19:21Z,01:29.500,01:38.500,"- the first people who left, re-passed all the standards, and have already come to us, to our training camps."
610,2023-03-18T10:31:21Z,00:00,00:10,[The phone is ringing]
610,2023-03-18T10:31:21Z,00:10,00:16,- Hello. - Sergey Viktorovich. - Hello. - Good afternoon.
610,2023-03-18T10:31:21Z,00:16,00:26,- Hello. - Let's summarize our situation.
610,2023-03-18T10:31:21Z,00:26.500,00:34.500,"- At the moment, about 500 of the 780 places that were initially allocated to us have been buried."
610,2023-03-18T10:31:21Z,00:34.500,00:39,"- Yes, about 500. - Yes."
610,2023-03-18T10:31:21Z,00:39,00:45.500,"- Accordingly, if I understand you correctly, we have a ban now."
610,2023-03-18T10:31:21Z,00:45.500,00:53.500,- I have 8 bodies for burial. I have a question now where I will bury them.
610,2023-03-18T10:31:21Z,00:54,01:04,- I don't know what to do with you. It's just a hell.
610,2023-03-18T10:31:21Z,01:04,01:12,- I will try to talk to Kudrin tomorrow. I don't know what the result will be.
610,2023-03-18T10:31:21Z,01:12.500,01:28.500,"- I have a question. I suggest that you say that initially, I was hysterical, although you talked to me, I was absolutely calm."
610,2023-03-18T10:31:21Z,01:28.500,01:36.500,"- I brought information that in this part of the relationship with you, I have no authority."
610,2023-03-18T10:31:21Z,01:37,01:44.500,"- That is, they are over. At one time, when I could, I made some decisions, we interacted, we had problems."
610,2023-03-18T10:31:21Z,01:44.500,01:49.500,"- Now I have no authority. The governor clearly told me, my manager,"
610,2023-03-18T10:31:21Z,01:49.500,01:55.500,"- All issues of the relationship with the body, of the burial, should be solved only through me."
610,2023-03-18T10:31:21Z,01:55.500,02:00.500,- Let them come to me and only through me. What can I do?
610,2023-03-18T10:31:21Z,02:00.500,02:04.500,"- I have no authority to make a decision on the burial, on the relationship in general."
610,2023-03-18T10:31:21Z,02:05,02:15.500,"- He took them from me. He said, ""Now you don't move, all issues should be solved only through me."""
610,2023-03-18T10:31:21Z,02:15.500,02:20.500,- What can I do?
610,2023-03-18T10:31:21Z,02:20.500,02:31.500,- Where should I bury 8 people? Where should I give them to the ground?
610,2023-03-18T10:31:21Z,02:32,02:39.500,"- I don't know. I will try to ask the manager this question. When I can see him, I don't know."
610,2023-03-18T10:31:21Z,02:39.500,02:43.500,"- I don't have such an opportunity yet. Today it will work, it will not work, I don't know."
610,2023-03-18T10:31:21Z,02:43.500,02:50.500,"- Tomorrow, I hope, we will be able to negotiate. Let's wait until tomorrow."
610,2023-03-18T10:31:21Z,02:50.500,02:55.500,- I need to bury tomorrow. I need to bury tomorrow.
610,2023-03-18T10:31:21Z,02:56,03:03.500,"- You understand, I have a flow. I don't understand what is the difference between tomorrow and the day after tomorrow."
610,2023-03-18T10:31:21Z,03:03.500,03:09.500,- You want something from me. I have no right to order these issues. Do you understand or not?
610,2023-03-18T10:31:21Z,03:09.500,03:15.500,- I need to ask you. Can I bury tomorrow on a hot key?
610,2023-03-18T10:31:21Z,03:15.500,03:23.500,- I don't make such decisions. I am not authorized to make such decisions now. Not authorized.
610,2023-03-18T10:31:21Z,03:24,03:31.500,"- I can't tell you yes or no, because I have no authority. I can't make such decisions."
610,2023-03-18T10:31:21Z,03:31.500,03:39.500,"- Please, go to my manager and solve this issue with him. I have no such authority."
610,2023-03-18T10:31:21Z,03:39.500,03:41.500,- I understand.
609,2023-03-18T08:27:11Z,00:00.500,00:08.500,"The Administration of ""Hot Key"" has banned the burial of the fighters of the ChVK ""Wagner"" at the cemetery in the village of Bakinskoye."
609,2023-03-18T08:27:11Z,00:08.500,00:16,Tomorrow at 10 a.m. the funeral of our fighters will take place.
609,2023-03-18T08:27:11Z,00:16,00:23,I invite all those who wish to say goodbye to them to the cemetery in the village of Bakinskoye.
609,2023-03-18T08:27:11Z,00:24,00:32,I also invite journalists who wish to participate in this mourning moment.
606,2023-03-17T13:01:37Z,00:00,00:07,"I receive a lot of questions, so I answer all of them at once."
606,2023-03-17T13:01:37Z,00:07,00:16,"Yes, absolutely right. In the suburbs of Yekaterinburg, in Berezovsky, there is a cemetery with the burials of the fighters of the ChVK ""Wagner""."
606,2023-03-17T13:01:37Z,00:18,00:30,"And in order to relieve us of tension, so that no one has any conspiracy theories, and so on, I will explain to you in detail how the processes take place."
606,2023-03-17T13:01:37Z,00:30,00:43,"When the fighter of the ChVK ""Wagner"" dies, he is buried in strict accordance with where he wanted to be buried according to his will."
606,2023-03-17T13:01:37Z,00:44,00:53,"Those who did not express a specific desire for the place of their burial, we bury in the cemetery in a hot key."
606,2023-03-17T13:01:37Z,00:53,01:00,"Including those who lost contact with their relatives, orphans, and so on."
606,2023-03-17T13:01:37Z,01:01,01:17,I want to draw your attention to the fact that the arrival of journalists sometimes leads to undesirable consequences.
606,2023-03-17T13:01:37Z,01:18,01:28,"For example, at the cemetery in the hot key, where we bury the fighters of the ChVK ""Wagner"", who did not express a desire to be buried in a certain place,"
606,2023-03-17T13:01:37Z,01:28,01:44,"just a week ago, the head of the administration of the hot key was hysterical about the need to urgently stop the burial, because there are many journalists."
606,2023-03-17T13:01:37Z,01:45,01:57,"Pay attention, he was not happy that he could help his country, he was not happy that he could take part in the burial of the deceased."
606,2023-03-17T13:01:37Z,01:57,02:05,"He was just hysterical, he did not want anyone to be buried there."
606,2023-03-17T13:01:37Z,02:06,02:24,"The only thing that made him stop sticking sticks in the wheels is my promise that in case we will not be buried our dead comrades, fighters, who died for their homeland, for Russia."
606,2023-03-17T13:01:37Z,02:25,02:37,"That I will bring the bodies of these fighters and put them at his house, in the living room, and he himself will deal with them forever."
606,2023-03-17T13:01:37Z,02:37,02:41,"After that, he stalled, shit and shut up."
606,2023-03-17T13:01:37Z,02:41,02:50,"At the same time, he repeatedly repeated that someone up there told him to stop."
606,2023-03-17T13:01:37Z,02:51,02:56,Who is up there? Can someone from above respond or not?
606,2023-03-17T13:01:37Z,02:56,03:02,"The name of this person, by the way, is Sergey Viktorovich Belopolsky."
606,2023-03-17T13:01:37Z,03:02,03:07,"Cemetery in the suburbs of Yekaterinburg, Berezovsky."
606,2023-03-17T13:01:37Z,03:08,03:21,"The cemetery is locally buried those fighters who lived in Yekaterinburg or the neighborhood and wrote in their wills to give the body to the mother, sister, anyone of the relatives."
606,2023-03-17T13:01:37Z,03:21,03:32,"We try to give the bodies as soon as possible for burial, so that they find peace and respect as soon as possible."
606,2023-03-17T13:01:37Z,03:33,03:47,"When the body is brought to Yekaterinburg, for example, our employee calls and finds out that the mother died, the sister moved, someone from the relatives drank and is not able to bury the fighter."
606,2023-03-17T13:01:37Z,03:48,04:09,"In this case, we agree with the administration of one of the local cemeteries, where we locally, jointly bury the fighters who will not be able to lie in the grave with their loved ones, but will be able to lie with their comrades in arms."
606,2023-03-17T13:01:37Z,04:10,04:18,"If you like it, go down to the grave, lie down next to it, hold it in your hand and thank."
606,2023-03-17T13:01:37Z,04:18,04:22,What's wrong with that? How to act?
606,2023-03-17T13:01:37Z,04:23,04:45,"If you have any advice, please write. Immediately you will receive a bonus, answers to inconvenient questions. In any case, they will ask about the awards and videos that wander about the fact that relatives are not given awards."
606,2023-03-17T13:01:37Z,04:46,04:58,"Each of our dead fighters, CVK ""Wagner"", receives several awards. The first is the Order of the CVK for blood and bravery, which is given only to 200 of their relatives."
606,2023-03-17T13:01:37Z,04:59,05:19,"The second medal is the Order for participation in this particular war, the black cross with its numbers. The third is the state award, either the Order of Courage, or the Medal of Courage, as a rule, or the Hero Star."
606,2023-03-17T13:01:37Z,05:20,05:31,"All awards must be given at the time of the funeral. From the moment of death to the moment of the funeral, it takes from a few days to a month or two, as a rule."
606,2023-03-17T13:01:37Z,05:32,05:51,"If we bring the body of our fighter in order to give him the last honors, he has the right to be awarded a state award, a medal for courage or the Order of Courage, must be carried behind him or in front of him on a pillow."
606,2023-03-17T13:01:37Z,05:52,06:11,"The medal must go with him to eternal memory. What is the video associated with, which is on social networks? I will not offend anyone, insult or dismember, so that my acquaintances do not start calling me and say, ""Well, why are you like that?"""
606,2023-03-17T13:01:37Z,06:12,06:31,"There is a bunch of bureaucrats. This bunch of bureaucrats must prepare the appropriate documents in order to sign the decree of the President on the award of the fighter who died in the war, the so-called SVO."
606,2023-03-17T13:01:37Z,06:32,06:51,"The President signs decrees day and night in such cases, but a bunch of bureaucrats categorically refuse to work on weekends, refuse to do more than is necessary. They lead an excellent, beautiful, gorgeous way of life."
606,2023-03-17T13:01:37Z,06:52,07:06,"In addition, they have new and new requirements every day. They need to schedule the composition of the family, then in detail schedule the circumstances of death, then some other formalities."
606,2023-03-17T13:01:37Z,07:07,07:22,"The commanders are forced to sit in the trenches for hours, for two to four hours, when they can sleep, and scribble the documents that these bureaucrats demand."
606,2023-03-17T13:01:37Z,07:23,07:41,"And how do you imagine? The commander who walked side by side with the deceased, who closed his eyes, covered his hand, wrote a report on how a certain fighter died in a certain city."
606,2023-03-17T13:01:37Z,07:42,08:02,"They must pull this commander out of the eggs and make him rewrite the documents 550 times, because some bureaucrat, a bitch, a young lady who spends all day doing pedicures and manicures, stealing money from the people, is issuing all new and new requirements."
606,2023-03-17T13:01:37Z,08:03,08:16,"The commander just does not have enough time for this. And so these creatures have come to the point that we have to bury them without rewards, because they sit and fuck out like a fly on glass."
606,2023-03-17T13:01:37Z,08:16,08:22,"Nothing terrible, let the bastards answer to the people."
606,2023-03-17T13:01:37Z,08:22,08:24,[The End]
605,2023-03-17T12:43:08Z,00:00,00:02,What about Shishkin?
605,2023-03-17T12:43:08Z,00:02,00:10,"As for Shishkin, I heard this name in St. Petersburg before, still according to her union of journalists in the past years"
605,2023-03-17T12:43:08Z,00:10,00:20,"But as far as I know, she first drowned out the opposition to the current government, then began to drown out for the current government"
605,2023-03-17T12:43:08Z,00:20,00:32,"Therefore, people can change their beliefs depending on the historical moments of our country and various situations"
605,2023-03-17T12:43:08Z,00:32,00:44,"But today, as a rule, a conjunctural policy is developing, where they are trying to lean towards the warmer, as they say, for any fuss against starvation"
605,2023-03-17T12:43:08Z,00:44,00:50,"I have long known Sergei Mironov, even from his work in St. Petersburg"
605,2023-03-17T12:43:08Z,00:50,01:04,"But I want to emphasize that I am not going to participate or influence the work of the ""Fair Russia"" party, as well as participate or join any existing parties"
605,2023-03-17T12:43:08Z,01:04,01:04.500,party.
605,2023-03-17T12:43:08Z,01:04.500,01:05.500,Thank you.
602,2023-03-16T11:57:02Z,00:00,00:05,I was not informed about this information and I did not see the messages in the telegram channels
602,2023-03-16T11:57:02Z,00:05,00:15,"Nevertheless, if there is such information, and the telegram channels often just gossip"
602,2023-03-16T11:57:02Z,00:15,00:27,"But if it is in reality, then of course special services should control the safety of the state and its residents"
602,2023-03-16T11:57:02Z,00:27,00:34,"Therefore, if this danger arises, then no matter who it comes from, the threat must be eliminated"
600,2023-03-16T10:17:58Z,00:00.400,00:06.200,I was told that the ad for CVK Wagner was disabled on PornHub
600,2023-03-16T10:17:58Z,00:06.200,00:13.700,I think it happened because not only Russian citizens stopped playing around
600,2023-03-16T10:17:58Z,00:13.700,00:19.300,but also Americans and other users of PornHub
600,2023-03-16T10:17:58Z,00:19.300,00:21.500,and everyone wants CVK Wagner
600,2023-03-16T10:17:58Z,00:21.500,00:25.200,So don't play around and go to CVK Wagner
600,2023-03-16T10:17:58Z,00:25.200,00:32,It's a good ad for CVK Wagner but it has a very negative impact on PornHub economy
600,2023-03-16T10:17:58Z,00:32,00:35.100,PornHub is for faggots
600,2023-03-16T10:17:58Z,00:35.100,00:42.800,And I'm using this opportunity to call on Russian producers of funny pictures
600,2023-03-16T10:17:58Z,00:42.800,00:46.800,to advertise CVK Wagner at your place
600,2023-03-16T10:17:58Z,00:46.800,00:51.400,"Let faggots who watch you come to us too, we'll pay them"
600,2023-03-16T10:17:58Z,00:51.400,00:53.400,The End
598,2023-03-15T16:23:24Z,00:00,00:08,"In the future, in order not to confuse the usual offender with the fighter ChVK Wagner,"
598,2023-03-15T16:23:24Z,00:08,00:15,it is necessary to pay attention to the following characteristic features of the fighter ChVK Wagner.
598,2023-03-15T16:23:24Z,00:15,00:32,"Fighter ChVK Wagner is always polite, respectful, good physique, as a rule, strong, resilient, brave, courageous, loving his homeland."
598,2023-03-15T16:23:24Z,00:32,00:46,"A person who can always explain where he was, against whom he fought, but will never do it."
598,2023-03-15T16:23:24Z,00:46,00:57,"If he gets into the public field, then he tries to put on a mask and modestly go to the background."
598,2023-03-15T16:23:24Z,00:57,01:05,"And when he is in battle, then with his eyes wide open he goes forward and kills the enemy."
598,2023-03-15T16:23:24Z,01:05,01:13,These are the signs by which you can easily determine the fighter ChVK Wagner.
598,2023-03-15T16:23:24Z,01:13,01:24,"People love him, girls, preferably young and pretty, love him and hate the representatives of the NATO bloc."
598,2023-03-15T16:23:24Z,01:24,01:27,"This is him, this is the fighter ChVK Wagner."
598,2023-03-15T16:23:24Z,01:27,01:33,"And apparently Chorshanbiev does not fit these characteristics, so he is not a fighter ChVK Wagner."
598,2023-03-15T16:23:24Z,01:33,01:35,[References]
595,2023-03-15T15:01:58Z,00:00,00:09,"I was just informed that a certain citizen, Chorshanbiev, was detained in Odintsovsky district."
595,2023-03-15T15:01:58Z,00:09,00:15,No representatives of ChVK Wagner have yet gone to the police.
595,2023-03-15T15:01:58Z,00:15,00:18,We checked our own account.
595,2023-03-15T15:01:58Z,00:18,00:22,There was never such a person in ChVK Wagner.
595,2023-03-15T15:01:58Z,00:22,00:24,At the moment he is not.
595,2023-03-15T15:01:58Z,00:24,00:29,He does not pass any training with us and did not pass.
595,2023-03-15T15:01:58Z,00:29,00:35,"We will try to get his, so to speak, physiognomy."
595,2023-03-15T15:01:58Z,00:35,00:44,"As soon as we see, we will run through our database and determine, perhaps, he changed his last name or something else."
595,2023-03-15T15:01:58Z,00:44,00:49,"But we did not have such a person, Chorshanbiev, and no."
595,2023-03-15T15:01:58Z,00:49,00:52,We will keep you informed.
593,2023-03-15T13:25:41Z,00:00,00:12,"I don't know which ones, but the placement of the advertisement of the ChVK ""Wagner"" on porn sites is a very good idea of ​​our marketers."
593,2023-03-15T13:25:41Z,00:12,00:15,I absolutely agree with them.
593,2023-03-15T13:25:41Z,00:15,00:22,"And this advertisement says, ""Go fight in the ChVK ""Wagner""."
593,2023-03-15T13:25:41Z,00:22,00:24,Stop fucking around.
593,2023-03-15T13:25:41Z,00:24,00:27,Who disagrees with this argument?
593,2023-03-15T13:25:41Z,00:27,00:27.500,year.
591,2023-03-15T10:18:46Z,00:01,00:12,"In the absence of ammunition, in the shell hunger, in the hardest battles, the assault units are expanding the encirclement of ""Bahmut""."
591,2023-03-15T10:18:46Z,00:12,00:21,"This morning, the settlement of ""Zaleznyanskaya"" was taken by the assault units of the ChVK ""Wagner""."
589,2023-03-13T16:14:22Z,00:00,00:05,"First there was the ChVK ""Wagner"", then there was the ""Wagner"" group."
589,2023-03-13T16:14:22Z,00:05,00:08,"Now it turned out that this is the ""Wagner"" division."
589,2023-03-13T16:14:22Z,00:08,00:19,"So this ""Wagner"" division, the word ""Italy"" speaks in this response for the first time in many, many years."
589,2023-03-13T16:14:22Z,00:19,00:23,We have no idea what is happening with the migration crisis.
589,2023-03-13T16:14:22Z,00:23,00:25,We don't do this.
589,2023-03-13T16:14:22Z,00:25,00:28,We have a lot of our own affairs.
589,2023-03-13T16:14:22Z,00:28,00:31,"Therefore, with confidence I can say only one thing."
589,2023-03-13T16:14:22Z,00:31,00:35,Guido Crasetto is an absolute asshole and a fucking moron.
589,2023-03-13T16:14:22Z,00:35,00:42,"He needs to look at the sides less, to deal with his own problems, which he seems to have missed."
586,2023-03-12T18:37:48Z,00:00,00:08,The situation is very difficult in Bakhmut. The enemy is attacking every meter.
586,2023-03-12T18:37:48Z,00:08,00:12,"The closer we are to the city center, the more difficult the fighting is."
586,2023-03-12T18:37:48Z,00:12,00:16,"The more artillery is working on us, the more tanks."
586,2023-03-12T18:37:48Z,00:16,00:19,Ukrainians are throwing in endless reserves.
586,2023-03-12T18:37:48Z,00:19,00:22,But we are moving forward and we will move forward.
586,2023-03-12T18:37:48Z,00:22,00:25,And we will not be ashamed of the glory of Russian weapons.
586,2023-03-12T18:37:48Z,00:25,00:32,"As for ammunition, I made 550 reverence rounds yesterday."
586,2023-03-12T18:37:48Z,00:32,00:39,So even the most declared Nazis can wash their hands of them.
586,2023-03-12T18:37:48Z,00:39,00:42,I expected that there would be some kind of reaction.
586,2023-03-12T18:37:48Z,00:42,00:44,There is no reaction.
586,2023-03-12T18:37:48Z,00:44,00:46,"However, there are positive moments."
586,2023-03-12T18:37:48Z,00:46,00:57,"The guys from the Ministry of Defense, the fighters, the artillerymen are coming from Zaporozhye, from Donetsk, and even from Avdeevka."
586,2023-03-12T18:37:48Z,00:57,01:00,Because now the heavy fighting is also taking place.
586,2023-03-12T18:37:48Z,01:00,01:03,And they are bringing us ammunition.
586,2023-03-12T18:37:48Z,01:03,01:10,"Yesterday we received about 15 vehicles, today about 12."
586,2023-03-12T18:37:48Z,01:10,01:13,And I think that we will continue to receive them.
586,2023-03-12T18:37:48Z,01:13,01:20,"And everyone will take what they need, because when they need help, we will come to them for help."
586,2023-03-12T18:37:48Z,01:20,01:28,"There is no conflict between the fighters of the ChVK ""Wagner"" and the fighters of the Ministry of Defense."
586,2023-03-12T18:37:48Z,01:28,01:35,"There are intrigues, and everything else leads only to victory."
584,2023-03-12T10:39:43Z,00:01,00:07,"Gentlemen, Orekhovo-Vasilyevka is not under the control of the ChVK ""Wagner"" at the moment."
584,2023-03-12T10:39:43Z,00:07,00:10,-
584,2023-03-12T10:39:43Z,00:10,00:15,"And with your statements of the media, Ilomov and other experts,"
584,2023-03-12T10:39:43Z,00:15,00:17,-
584,2023-03-12T10:39:43Z,00:17,00:21,you do nothing but warn the enemy about the nature of our actions.
584,2023-03-12T10:39:43Z,00:21,00:23,-
584,2023-03-12T10:39:43Z,00:23,00:29,"Therefore, I have one more time a huge request to the media not to run ahead of the steam locomotive."
584,2023-03-12T10:39:43Z,00:29,00:31,Happiness loves silence!
577,2023-03-10T14:21:12Z,00:00,00:05,"Yes, I really thanked Manturov and Nashinkov for doing what was impossible."
577,2023-03-10T14:21:12Z,00:05,00:13,-
577,2023-03-10T14:21:12Z,00:13,00:18,"They increased the production of ammunition in dozens and hundreds of times, and now they produce them in huge quantities,"
577,2023-03-10T14:21:12Z,00:18,00:20,-
577,2023-03-10T14:21:12Z,00:20,00:23,which covers all the necessary needs.
577,2023-03-10T14:21:12Z,00:23,00:25,-
577,2023-03-10T14:21:12Z,00:25,00:30,"We presented the shells to the Air Force, and they were given to us."
577,2023-03-10T14:21:12Z,00:30,00:32,-
577,2023-03-10T14:21:12Z,00:32,00:37,"We saw them, saw the word ""1923"" and were shocked that the ammunition was sent in 1923."
577,2023-03-10T14:21:12Z,00:37,00:42,-
577,2023-03-10T14:21:12Z,00:42,00:47,"I am concerned about the ammunition and the shell hunger not only for the ChVK ""Wagner"","
577,2023-03-10T14:21:12Z,00:47,00:49,-
577,2023-03-10T14:21:12Z,00:49,00:51,but for all the units of the Russian army.
577,2023-03-10T14:21:12Z,00:52,00:53,-
577,2023-03-10T14:21:12Z,00:53,00:57,"The ammunition is in the hands of the Russian army, and the Russian army is the most powerful."
577,2023-03-10T14:21:12Z,00:57,00:59,-
577,2023-03-10T14:21:12Z,00:59,01:01,The Russian army is the most powerful.
577,2023-03-10T14:21:12Z,01:01,01:03,-
577,2023-03-10T14:21:12Z,01:03,01:05,The Russian army is the most powerful.
577,2023-03-10T14:21:12Z,01:05,01:07,-
577,2023-03-10T14:21:12Z,01:07,01:09,The Russian army is the most powerful.
577,2023-03-10T14:21:12Z,01:09,01:11,-
577,2023-03-10T14:21:12Z,01:11,01:13,The Russian army is the most powerful.
577,2023-03-10T14:21:12Z,01:13,01:15,-
577,2023-03-10T14:21:12Z,01:15,01:17,The Russian army is the most powerful.
577,2023-03-10T14:21:12Z,01:17,01:19,-
577,2023-03-10T14:21:12Z,01:19,01:22,The Russian army is the most powerful.
577,2023-03-10T14:21:12Z,01:22,01:24,-
577,2023-03-10T14:21:12Z,01:24,01:26,The Russian army is the most powerful.
577,2023-03-10T14:21:12Z,01:26,01:28,-
575,2023-03-10T13:17:44Z,00:00,00:03,-
575,2023-03-10T13:17:44Z,00:03,00:08,"In 42 cities of the Russian Federation, centers for the ChVK ""Wagner"" were opened."
575,2023-03-10T13:17:44Z,00:08,00:10,-
575,2023-03-10T13:17:44Z,00:10,00:15,"New fighters are going there, who will go with us to defend their country and their families side by side,"
575,2023-03-10T13:17:44Z,00:15,00:23,-
575,2023-03-10T13:17:44Z,00:23,00:28,to make their common future and to protect the memory of the past.
575,2023-03-10T13:17:44Z,00:29,00:30,-
575,2023-03-10T13:17:44Z,00:30,00:35,"We will go forward, despite the colossal resistance of the Air Force."
575,2023-03-10T13:17:44Z,00:35,00:37,-
575,2023-03-10T13:17:44Z,00:37,00:42,"Despite the sticks in the wheels that stick to us at every step, we will overcome it together."
575,2023-03-10T13:17:44Z,00:42,00:44,-
571,2023-03-09T09:57:31Z,00:00,00:03,-
571,2023-03-09T09:57:31Z,00:03,00:08,"No, it didn't get better with ammunition. Nothing has changed in general."
571,2023-03-09T09:57:31Z,00:08,00:12,-
571,2023-03-09T09:57:31Z,00:12,00:17,"But there are changes. In order for me to stop asking for ammunition, all the phones and special communications in all offices, in all units were disabled."
571,2023-03-09T09:57:31Z,00:17,00:25,-
571,2023-03-09T09:57:31Z,00:25,00:30,"I will not name them, so as not to discredit them."
571,2023-03-09T09:57:31Z,00:30,00:34,-
571,2023-03-09T09:57:31Z,00:34,00:39,"Therefore, now I can ask exclusively through the media."
571,2023-03-09T09:57:31Z,00:39,00:44,-
571,2023-03-09T09:57:31Z,00:44,00:49,"But it's not so bad. There are, of course, positive moments."
571,2023-03-09T09:57:31Z,00:49,00:52,-
571,2023-03-09T09:57:31Z,00:52,00:57,I want to thank Igor Nashinkov and all those who work with them and make these shells.
571,2023-03-09T09:57:31Z,00:57,00:59,-
571,2023-03-09T09:57:31Z,00:59,01:01,Thank you all very much.
570,2023-03-09T05:49:15Z,00:00,00:05,"I think Vasilyevka is completely under the control of the ChVK ""Wagner""."
570,2023-03-09T05:49:15Z,00:05,00:08,-
570,2023-03-09T05:49:15Z,00:08,00:13,There are fighting on the outskirts. The whole territory of the settlement is under our control.
564,2023-03-08T05:00:58Z,00:01,00:05.500,"The ChVK ""Wagner"" unit occupied the entire eastern part of Bakhmut."
564,2023-03-08T05:00:58Z,00:05.500,00:12.500,"Everything that is east of the Bakhmutka River is completely under the control of the ChVK ""Wagner""."
564,2023-03-08T05:00:58Z,00:12.500,00:14.500,This can be reported.
564,2023-03-08T05:00:58Z,00:14.500,00:18.500,-
558,2023-03-06T16:10:05Z,00:01,00:04.500,Let's once again explain everything in detail.
558,2023-03-06T16:10:05Z,00:04.500,00:10,In order to exclude additional questions.
558,2023-03-06T16:10:05Z,00:10,00:13,"ChVK Wagner blocks ""Bahmut""."
558,2023-03-06T16:10:05Z,00:13,00:20,"In order to unlock ""Bahmut"", it is advisable to block ChVK Wagner."
558,2023-03-06T16:10:05Z,00:20,00:24,"For this, the ARF has created a number of groups."
558,2023-03-06T16:10:05Z,00:24.500,00:30,One group in Slavyansk - 67th brigade.
558,2023-03-06T16:10:05Z,00:30,00:39,The second group in Seversk - 81st and 66th brigade.
558,2023-03-06T16:10:05Z,00:39,00:45,One group in Chasov-Yar and one group in Konstantinovka.
558,2023-03-06T16:10:05Z,00:45,00:53,"In the ARF, in order to unlock Artemovsk, it is necessary to block ChVK Wagner."
558,2023-03-06T16:10:05Z,00:53.500,00:55.500,And we will get a pie.
558,2023-03-06T16:10:05Z,00:55.500,01:01,"The filling is the parts of the ARF, which are surrounded by us."
558,2023-03-06T16:10:05Z,01:01,01:05,"In case, of course, if the entire encirclement is ""Bahmut""."
558,2023-03-06T16:10:05Z,01:05,01:09.500,And the shell is ChVK Wagner.
558,2023-03-06T16:10:05Z,01:09.500,01:18,"Therefore, I knock on all doors, I am alarmed with ammunition and reinforcements."
558,2023-03-06T16:10:05Z,01:18.500,01:24,And also with the fact that we are covered by flanks.
558,2023-03-06T16:10:05Z,01:24,01:36,"In case, if all the flanks, without ambitions, ""Voebonov"" and ""Esterik"" will do this joint work,"
558,2023-03-06T16:10:05Z,01:36,01:41,"then we block the ARF, and the ARF does not block us."
558,2023-03-06T16:10:05Z,01:41,01:46,"If not, then everyone will get a pie."
558,2023-03-06T16:10:05Z,01:46.500,01:49,"And here, in fact, your answer."
558,2023-03-06T16:10:05Z,01:49,01:58,"Of course, when this pie will be created, then I will jump on this pie with a cherry."
558,2023-03-06T16:10:05Z,01:58,02:02,And I will stay with my guys to dig up all this porridge.
558,2023-03-06T16:10:05Z,02:02,02:06,But it will not be easier for anyone.
558,2023-03-06T16:10:05Z,02:06,02:12,"And therefore, the ARF will fight for Artemovsk to the end, and this is obvious."
558,2023-03-06T16:10:05Z,02:12.500,02:17,And we must do our job also to the end.
558,2023-03-06T16:10:05Z,02:17,02:27,"But when the whole world is gathering around you, then it is necessary that someone interacts with you."
558,2023-03-06T16:10:05Z,02:27,02:30,"Therefore, we knock on all doors."
558,2023-03-06T16:10:05Z,02:30,02:35,While my representative was kicked out of the headquarters.
558,2023-03-06T16:10:05Z,02:35,02:37,He walks around the street there.
558,2023-03-06T16:10:05Z,02:37,02:40,"If someone saw him, whistle."
556,2023-03-06T14:19:44Z,00:00.500,00:02.500,"Guys, I beg you."
556,2023-03-06T14:19:44Z,00:02.500,00:09,"The less questions about my political ambitions, the more ammunition we will get."
556,2023-03-06T14:19:44Z,00:09,00:13,What is your brain did on my political ambitions?
556,2023-03-06T14:19:44Z,00:13,00:17,We have no problems in the country except for political ambitions?
556,2023-03-06T14:19:44Z,00:17,00:21.500,Here appeared political ambitions.
556,2023-03-06T14:19:44Z,00:21.500,00:27,"Today I will stand on a baton with a single picket with a sign - ""Get the fuck out!"""
543,2023-03-02T12:07:20Z,00:01,00:06,"To recruit new fighters of the ChVK Wagner, who will defend our Motherland,"
543,2023-03-02T12:07:20Z,00:06,00:11.500,in a number of cities we have already opened the centers of the ChVK Wagner set.
543,2023-03-02T12:07:20Z,00:11.500,00:17,These centers are located on the basis of sports clubs.
543,2023-03-02T12:07:20Z,00:17,00:23,Where you come - you will be checked how physically strong you are.
543,2023-03-02T12:07:20Z,00:23,00:27,And then they will tell you how you get to us.
543,2023-03-02T12:07:20Z,00:28,00:30.500,We fully trust these centers.
543,2023-03-02T12:07:20Z,00:30.500,00:34.500,They are our supporters.
543,2023-03-02T12:07:20Z,00:34.500,00:40.500,"The first center that we opened - this is the club ""United Worlds"" ""Grusha""."
543,2023-03-02T12:07:20Z,00:40.500,00:43,Supporter of ChVK Wagner.
543,2023-03-02T12:07:20Z,00:43,00:50,"It is located at the address of Moscow - Schmitz's passage, house 2."
543,2023-03-02T12:07:20Z,00:50,00:53.500,Special thanks to them. They are the first.
541,2023-03-02T11:57:08Z,00:00,00:04.500,Red lines - it seems that our red paint is over.
541,2023-03-02T11:57:08Z,00:04.500,00:07,And instead of red - brown.
541,2023-03-02T11:57:08Z,00:07,00:10,"However, instead of lines - dashes."
541,2023-03-02T11:57:08Z,00:10,00:14.500,Nothing wrong. We will also find on the dashes who leaves them.
540,2023-03-02T10:45:27Z,00:01,00:04,I don't quite understand what kind of DRG.
540,2023-03-02T10:45:27Z,00:04,00:09,We don't have DRG on the territory of Donbass.
540,2023-03-02T10:45:27Z,00:09,00:15,We are clearing them all and they cannot cross the border.
540,2023-03-02T10:45:27Z,00:15,00:19,"Therefore, everything is calm in Donbass."
540,2023-03-02T10:45:27Z,00:19,00:23,"If you want peace, come to us in Donbass."
540,2023-03-02T10:45:27Z,00:23,00:26,"We will meet, we will warm you up."
540,2023-03-02T10:45:27Z,00:26,00:28.500,There will be no DRG. Do not worry.
532,2023-03-01T10:45:14Z,00:00,00:10,The army in Artemovsk is throwing additional reserves and trying to hold the city by all means.
532,2023-03-01T10:45:14Z,00:10,00:18,Tens of thousands of Ukrainian soldiers are showing fierce resistance.
532,2023-03-01T10:45:14Z,00:18,00:24,The bloodshed of the battles is increasing every day.
532,2023-03-01T10:45:14Z,00:24,00:30,I don't know who opened it and where it was written.
532,2023-03-01T10:45:14Z,00:30,00:34,I don't know what it is for and who writes what.
532,2023-03-01T10:45:14Z,00:34,00:40,Sometimes you open a word from three letters in a shed and there is firewood.
532,2023-03-01T10:45:14Z,00:40,00:45,So don't read any nonsense.
528,2023-02-28T11:06:41Z,00:00,00:10,"I have already made the appropriate appeals to the military authorities in order to transfer them to us,"
528,2023-02-28T11:06:41Z,00:10,00:17,or to one of the military units that are in our operational department.
528,2023-02-28T11:06:41Z,00:17,00:22,"And of course, when the guys want to go to war,"
528,2023-02-28T11:06:41Z,00:22,00:29,"and not just sit somewhere at the training ground or in a position, it is necessary to do."
528,2023-02-28T11:06:41Z,00:29,00:35,"The fact that they want to go and defend their homeland with weapons in their hands,"
528,2023-02-28T11:06:41Z,00:35,00:39,"and bring benefit to our common victory with their own hands,"
528,2023-02-28T11:06:41Z,00:39,00:44,"of course, it's very cool, thank them that they found the courage and strength."
528,2023-02-28T11:06:41Z,00:44,00:50,"It is clear that there may be some disciplinary raids on them,"
528,2023-02-28T11:06:41Z,00:50,00:54,but we will fight to take them away from ourselves.
525,2023-02-28T07:58:31Z,00:01,00:08,"You know, unfortunately, there were a lot of things to do, and therefore I did not see to it."
525,2023-02-28T07:58:31Z,00:08,00:14,I feel guilty for the rest of blogger Stolyarov and his family.
525,2023-02-28T07:58:31Z,00:14,00:22,"And as for the birthday of Sochi, of course, it is very important for him to take care of his body now,"
525,2023-02-28T07:58:31Z,00:22,00:31,because he brings his loved ones and his fans great joy by demonstrating various parts of him.
525,2023-02-28T07:58:31Z,00:31,00:42,"That's why we are fighting, struggling, dying, and it's good that he is celebrating his birthday in this way."
525,2023-02-28T07:58:31Z,00:42,00:48,"Probably his family and his friends will continue to delight him,"
525,2023-02-28T07:58:31Z,00:48,00:55,"and in no case should he go to Donbass, because there we have no pedicure, no manicure,"
525,2023-02-28T07:58:31Z,00:55,01:02,"and even hairdressers are actually absent, you can shave your head and go ahead to the fight."
522,2023-02-27T16:11:55Z,00:00,00:10,"We really met with him and I made a proposal, in case it will be difficult, come, we will always find work."
522,2023-02-27T16:11:55Z,00:10,00:17,"He decided to conduct his project, there is nothing preliminary in this, neither for us, nor for him."
522,2023-02-27T16:11:55Z,00:17,00:23,"ChVK Wagner to Basurin, as he treated with respect, so will treat with respect."
522,2023-02-27T16:11:55Z,00:23,00:27,"In the end, the whole country can not come to work ChVK Wagner."
522,2023-02-27T16:11:55Z,00:27,00:27.500,Bye!
522,2023-02-27T16:11:55Z,00:27.500,00:29.500,[References]
511,2023-02-26T13:15:49Z,00:00,00:07,"Galina, I answer your question. We have not destroyed the leopards."
511,2023-02-26T13:15:49Z,00:07,00:11,"So far, there have been no clashes with the leopards."
511,2023-02-26T13:15:49Z,00:11,00:22,"We have information that the leopards arrive at the hour of the fjars, but we have not met them on the battlefield yet."
511,2023-02-26T13:15:49Z,00:22,00:30,"As soon as we destroy the first leopard, you will be the first to whom we will inform."
508,2023-02-25T16:32:09Z,00:00,00:15,"At 7 p.m. on February 25, the assault units of the ChNPP ""Wagner"" have completely taken over the village of Yagodnaya in the north of Bakhmut."
502,2023-02-24T05:59:56Z,00:00,00:05,Verkhovka is completely under our control.
502,2023-02-24T05:59:56Z,00:05,00:13,"The unit of the ChNPP ""Wagner"" is fully controlling Verkhovka."
499,2023-02-23T04:56:32Z,00:00,00:16,"Today at 6 am they reported that the ammunition is being loaded. Most likely, the train has moved, while on paper, but the papers are already signed, as we were told."
499,2023-02-23T04:56:32Z,00:16,00:36,"I would like to thank those who helped us to do this. You saved hundreds, and maybe thousands of lives of the guys who defend their homeland, gave them the opportunity to live on, their mothers, their children will not receive coffins with their bodies."
499,2023-02-23T04:56:32Z,00:36,01:03,"Many thanks to those who did it in various ways, to those ordinary citizens who did everything they could, to those who were in high offices and put pressure, made decisions, and of course to those who gave the last drop in order to start giving us ammunition."
499,2023-02-23T04:56:32Z,01:03,01:07,"Thank you. From the guys, thank you."
491,2023-02-22T09:22:54Z,00:00,00:04,"- Evgeny Viktorovich, you made a statement about ammunition yesterday evening."
491,2023-02-22T09:22:54Z,00:04,00:06,Has the situation changed?
491,2023-02-22T09:22:54Z,00:06,00:09,- Thank you for asking questions.
491,2023-02-22T09:22:54Z,00:09,00:14,"If you hadn't asked, I would have posted the information myself."
491,2023-02-22T09:22:54Z,00:14,00:19,"We were not given ammunition, and we are not given."
491,2023-02-22T09:22:54Z,00:19,00:24,"It's 10 o'clock in the morning, February 22."
491,2023-02-22T09:22:54Z,00:24,00:28,No steps have been taken to extract ammunition.
491,2023-02-22T09:22:54Z,00:28,00:33,What's the problem? I'll explain.
491,2023-02-22T09:22:54Z,00:33,00:37,I'm posting a photo below.
491,2023-02-22T09:22:54Z,00:37,00:41,This is one of the places where the dead were gathered.
491,2023-02-22T09:22:54Z,00:41,00:44,"These are the guys who died yesterday,"
491,2023-02-22T09:22:54Z,00:44,00:49,"due to the so-called ""bomb hunger""."
491,2023-02-22T09:22:54Z,00:49,00:53,There should have been five times less of them.
491,2023-02-22T09:22:54Z,00:53,00:56,Five times.
491,2023-02-22T09:22:54Z,00:56,01:04,"So, mothers, wives and children will get their bodies."
491,2023-02-22T09:22:54Z,01:04,01:07,Who is to blame for their death?
491,2023-02-22T09:22:54Z,01:07,01:15,Those who were supposed to solve the issue of supplying us with sufficient ammunition are to blame.
491,2023-02-22T09:22:54Z,01:15,01:21,The final signature should be given to either Gerasimov or Shoigu.
491,2023-02-22T09:22:54Z,01:21,01:24,Neither of them wants to make a decision.
491,2023-02-22T09:22:54Z,01:24,01:27,Why don't they want to? I'll explain.
491,2023-02-22T09:22:54Z,01:27,01:32,"ChVK ""Wagner"" doesn't exist."
491,2023-02-22T09:22:54Z,01:32,01:38,"We used to be given ammunition, formally, for some military units,"
491,2023-02-22T09:22:54Z,01:38,01:42,"which, supposedly, take Bakhmut instead of us."
491,2023-02-22T09:22:54Z,01:42,01:47,"But since there is no one there, and this became well known to everyone,"
491,2023-02-22T09:22:54Z,01:47,01:52,"and there was a scandal during the seizure, or rather after the seizure of ""Solidar"","
491,2023-02-22T09:22:54Z,01:52,01:58,"where it was said that, unfortunately, there were no representatives of the Ministry of Defense there,"
491,2023-02-22T09:22:54Z,01:58,02:01,"there was an attempt to tell how the paratroopers were running around,"
491,2023-02-22T09:22:54Z,02:01,02:05,"and after that the paratroopers themselves honestly said,"
491,2023-02-22T09:22:54Z,02:05,02:10,"""Why are you deceiving us? Why are you deceiving the people?"
491,2023-02-22T09:22:54Z,02:10,02:14,"We were not at the seizure of ""Solidar"", this was done by ChVK ""Wagner""."
491,2023-02-22T09:22:54Z,02:14,02:20,"And then Teplinsky, as an honest person, took it and wrote a report"
491,2023-02-22T09:22:54Z,02:20,02:26,so as not to feel the shame in which he was being tried to be held.
491,2023-02-22T09:22:54Z,02:26,02:31,"So, ChVK ""Wagner"" doesn't exist."
491,2023-02-22T09:22:54Z,02:31,02:36,And that's why we are not given ammunition at all.
491,2023-02-22T09:22:54Z,02:36,02:40,Ammunition is given to a certain mythical group.
491,2023-02-22T09:22:54Z,02:40,02:45,"And now, the second photo that I will post,"
491,2023-02-22T09:22:54Z,02:45,02:54,"this is an application in the name of the General Staff of the official representative of ChVK ""Wagner"" Troshev in the General Staff,"
491,2023-02-22T09:22:54Z,02:54,03:01,"in which there is a consumption per day, a consumption per 10 days,"
491,2023-02-22T09:22:54Z,03:01,03:06,"and the amount that I want to emphasize is not yet given,"
491,2023-02-22T09:22:54Z,03:06,03:09,but is designated for issuance.
491,2023-02-22T09:22:54Z,03:09,03:15,"And not for the issuance of ChVK ""Wagner"", but for the issuance of a certain mythical group."
491,2023-02-22T09:22:54Z,03:15,03:23,"In this application, I have covered all the secret things so that there is no name of ammunition."
491,2023-02-22T09:22:54Z,03:23,03:31,The red ones are those ammunition that are needed especially for conducting hostilities.
491,2023-02-22T09:22:54Z,03:31,03:40,"Next, the last line printed on the printer on the right is how much we need for 10 days."
491,2023-02-22T09:22:54Z,03:40,03:45,And on the left is how much we are given for 10 days.
491,2023-02-22T09:22:54Z,03:45,03:54,"Taking into account the theoretical units that could be with us, but are on our flanks,"
491,2023-02-22T09:22:54Z,03:54,04:03,"we must come to them and ask, and 99.9% that the commanders of these units,"
491,2023-02-22T09:22:54Z,04:03,04:09,"70, maybe 80% of the received volumes, of course, will give us."
491,2023-02-22T09:22:54Z,04:09,04:15,"Because they are honest officers, honest lieutenants colonels, honest colonels,"
491,2023-02-22T09:22:54Z,04:15,04:19,including those who are honored.
491,2023-02-22T09:22:54Z,04:19,04:26,"They understand that we are engaged in the main combat work, and therefore, of course, they will give us"
491,2023-02-22T09:22:54Z,04:26,04:33,"the part of the ammunition that is assigned to us, and maybe not 70-80%, maybe all 100%."
491,2023-02-22T09:22:54Z,04:33,04:35,But let's go through.
491,2023-02-22T09:22:54Z,04:35,04:41,"Number 1. It is necessary 105,000, they give 3,600."
491,2023-02-22T09:22:54Z,04:41,04:43,"Rather, it is signed."
491,2023-02-22T09:22:54Z,04:43,04:48,"Number 3. It is necessary 7,600, they give 600."
491,2023-02-22T09:22:54Z,04:48,04:51,What should we do with these ammunition?
491,2023-02-22T09:22:54Z,04:51,04:58,"Should we just keep them in boxes and pray on them, or should we spend them to defeat the enemy?"
491,2023-02-22T09:22:54Z,04:58,05:03,That's the long answer to your first short question.
491,2023-02-22T09:22:54Z,05:03,05:07,Have you contacted anyone except the head of the General Staff?
491,2023-02-22T09:22:54Z,05:07,05:09,"Yes, of course, I inform."
491,2023-02-22T09:22:54Z,05:09,05:14,"In general, I should not write to the head of the General Staff, I should write to the lower level."
491,2023-02-22T09:22:54Z,05:14,05:19,"But at the lower level, letters are constantly written to the head of the General Staff,"
491,2023-02-22T09:22:54Z,05:19,05:22,when the edge is addressed.
491,2023-02-22T09:22:54Z,05:22,05:24,This letter to the head of the General Staff.
491,2023-02-22T09:22:54Z,05:24,05:33,It was on his table for several days until he gathered the strength to consider it.
491,2023-02-22T09:22:54Z,05:33,05:36,I address all the necessary levels.
491,2023-02-22T09:22:54Z,05:36,05:42,"The only thing is that I do not really believe that God will help the Church, I did not take this application."
491,2023-02-22T09:22:54Z,05:42,05:49,"Probably, you need to ask some priest, maybe he will burn it on a candle, maybe it will come."
491,2023-02-22T09:22:54Z,05:49,06:00,"But I think that the information that you are requesting should be received by the people of the Russian Federation,"
491,2023-02-22T09:22:54Z,06:00,06:10,which suffers the most because of this slander and vileness that is happening today under the leadership of the Ministry of Defense.
491,2023-02-22T09:22:54Z,06:10,06:14,"Will the ChVK ""Wagner"" continue to work in the direction of the ""Artyom"" army?"
491,2023-02-22T09:22:54Z,06:14,06:19,"Will it not be possible that because of this situation they will be forced to leave the ""Artyom"" army?"
491,2023-02-22T09:22:54Z,06:19,06:28,"ChVK ""Wagner"" walks like a beggar from the world of thread, asking the commanders of the units to help in some way."
491,2023-02-22T09:22:54Z,06:28,06:43,"In some warehouses, in some arsenals, officers, colonels, leaders of these arsenals, commanders, understand that they can be imprisoned and give them 10 years,"
491,2023-02-22T09:22:54Z,06:43,06:51,"but they give ammunition without any papers, leaving the illegal field."
491,2023-02-22T09:22:54Z,06:51,06:58,"Some officers, despite the fact that they understand perfectly well that they can not be imprisoned today and tomorrow,"
491,2023-02-22T09:22:54Z,06:58,07:04,"and those bodies that should be imprisoned, by the way, they are also on our side."
491,2023-02-22T09:22:54Z,07:04,07:14,"They also understand that by violating all the regulations, they will be silent only because we have to take a step forward."
491,2023-02-22T09:22:54Z,07:14,07:21,"And this is not about Bakhmut, but the fact that we are pulling together the whole war today and we will do it."
491,2023-02-22T09:22:54Z,07:21,07:26,"And the question is whether we will leave Bakhmut? No, we will not leave Bakhmut."
491,2023-02-22T09:22:54Z,07:26,07:31,We will just die twice as much until all of them are over.
491,2023-02-22T09:22:54Z,07:31,07:41,"And when all the ""Wagner"" soldiers are over, then most likely the ""Shaygu"" with the ""Gerasim"" machine gun will have to take."
491,2023-02-22T09:22:54Z,07:41,07:55,"If the appropriate people had prepared the army and did everything that they were obliged to do for the last 10 and over years,"
491,2023-02-22T09:22:54Z,07:55,07:59,"then the ""Wagner"" guys would not be needed at all."
491,2023-02-22T09:22:54Z,07:59,08:06,"There would be no need for a private structure, roughly speaking, private."
491,2023-02-22T09:22:54Z,08:06,08:13,"They do not belong to me, they belong to themselves and to the Russians."
491,2023-02-22T09:22:54Z,08:13,08:16,They would not be needed at all.
491,2023-02-22T09:22:54Z,08:16,08:26,"But so far, history has been ordered so that they go ahead, and the rest of the mass just does not understand who to obey."
491,2023-02-22T09:22:54Z,08:26,08:42,"Because there are commanders on the ground, and on top they are sitting. Most likely, including the opinion factor, so that there is no hysteria that the Prosecutor General must react urgently."
491,2023-02-22T09:22:54Z,08:42,08:56,"Most likely, there are just completely outrageous citizens who think that the country was created so that they would enjoy and get honors."
491,2023-02-22T09:22:54Z,08:56,09:02,How can we specifically help in this situation? We are in the sense of a journalistic community.
491,2023-02-22T09:22:54Z,09:02,09:12,"What can you help with? What can you help with? I think that if every Russian, so as not to call anyone to the rallies,"
491,2023-02-22T09:22:54Z,09:12,09:27,"just in his place will say ""Give the ""Wagner"" guys the shells"", which is now already launched, in fact, in the social network, then it will already be important."
491,2023-02-22T09:22:54Z,09:27,09:44,"If the driver of a large official comes up to him and says ""Give the shells to the ""Wagner"" guys"", if the stewardess at the entrance to the plane will say to everyone ""Give the shells to the ""Wagner"" guys"","
491,2023-02-22T09:22:54Z,09:44,10:03,"if everyone writes in their social networks ""Give the shells to the ""Wagner"" guys"", and you, at your own expense, put it in the headlines, the TV presenters will unexpectedly during the live broadcast say ""Sergey Kozhugetovich, give the shells to the ""Wagner"" guys""."
491,2023-02-22T09:22:54Z,10:03,10:23,"I think that we will break them, we will make them stop being lawless. And we will be able to explain to the mothers of those who died that everything is stopped, they will not die in vain, because we made them give the shells."
491,2023-02-22T09:22:54Z,10:23,10:43,"I want to emphasize once again, the shells are there, the industry has reached the necessary momentum. Four months ago I met, I will not say the last name of these people, and said that today the fate of the country depends on two people."
491,2023-02-22T09:22:54Z,10:43,11:01,"On us, on the ""Wagner"" guys, because we will go, we will die and we will go to the end. And on you, because you have to launch the production mechanism. And these people, when their names become known, they launched this production, they are the heroes of Russia."
491,2023-02-22T09:22:54Z,11:01,11:19,"They are heroes more than any soldier who died on the battlefield, because it was impossible to break the system. And they broke it in many ways, they broke it by 20 percent. It is necessary to further break this system, to force it to work. But they managed to do it."
491,2023-02-22T09:22:54Z,11:19,11:29,"And the shells are there. Just the ""chinushas"", scoundrels and bastards must take and put their signatures."
488,2023-02-21T20:25:48Z,00:00,00:06,I was informed that the Ministry of Defense is spreading information
488,2023-02-21T20:25:48Z,00:06,00:15,that allegedly gives ammunition in the Artemov direction to volunteer units.
488,2023-02-21T20:25:48Z,00:15,00:23,"I want to emphasize again, since we switched to a public correspondence with the Ministry of Defense,"
488,2023-02-21T20:25:48Z,00:23,00:37,"ChVK ""Wagner"" does not receive 80% of the ammunition required to carry out combat missions."
488,2023-02-21T20:25:48Z,00:37,00:46,"Therefore, the statement of the Ministry of Defense is nothing more than a spit"
488,2023-02-21T20:25:48Z,00:46,00:53,"towards ChVK ""Wagner"" with an attempt to hide their crimes"
488,2023-02-21T20:25:48Z,00:53,01:03,before those fighters who today are performing a feat on Bakhmut Artemovsky.
488,2023-02-21T20:25:48Z,01:03,01:11,"As for other volunteer units, there are no them on Bakhmut, there is ChVK ""Wagner""."
488,2023-02-21T20:25:48Z,01:11,01:16,"There is no ammunition, the ""sapper"" shovels, and you will know, gentlemen,"
488,2023-02-21T20:25:48Z,01:16,01:23,the leadership of the Ministry of Defense of the Russian Federation is still not set up.
488,2023-02-21T20:25:48Z,01:23,01:32,"If you give ammunition, give it, and do not tell it to the media, to the people of Russia,"
488,2023-02-21T20:25:48Z,01:32,01:35,deceiving it at the same time.
488,2023-02-21T20:25:48Z,01:35,01:40,"In accordance with the statement of the Ministry of Defense, all documents are ready,"
488,2023-02-21T20:25:48Z,01:40,01:43,"including the applications and the amount received,"
488,2023-02-21T20:25:48Z,01:43,01:48,to be provided to the Military Prosecutor's Office or the Military Counterintelligence Service at your choice.
488,2023-02-21T20:25:48Z,01:48,01:51,"Immediately, at their request."
484,2023-02-21T08:25:05Z,00:00,00:03,Why does the Vagner army not get ammunition?
484,2023-02-21T08:25:05Z,00:03,00:10,Why is the other units also constantly lacking ammunition?
484,2023-02-21T08:25:05Z,00:10,00:18,"Because a bunch of military officials decided that this is their country, that this is their people."
484,2023-02-21T08:25:05Z,00:18,00:26,"They decided that this people will die when they are comfortable, when they like it."
484,2023-02-21T08:25:05Z,00:26,00:32,"And so they, instead of fulfilling their duty and giving ammunition as much as necessary,"
484,2023-02-21T08:25:05Z,00:32,00:37,"say, ""Here you have +20%,"" only no more noise raise."
484,2023-02-21T08:25:05Z,00:37,00:44,"They sit in their offices and try to twist intrigues, ring telegram channels,"
484,2023-02-21T08:25:05Z,00:44,00:51,"and say, ""You, Prigozhin, do not put or write that he, I do not know, eats these ammunition,"
484,2023-02-21T08:25:05Z,00:51,00:55,"or sells to the Americans, or something else."""
484,2023-02-21T08:25:05Z,00:55,01:00,"I have no options, I go to the end, my people are dying in packs,"
484,2023-02-21T08:25:05Z,01:00,01:06,because some strange people have made a decision.
484,2023-02-21T08:25:05Z,01:06,01:10,"Live them or not live, this should not be."
484,2023-02-21T08:25:05Z,01:10,01:15,"These are revolutionary calls, these are demands, give ammunition."
484,2023-02-21T08:25:05Z,01:15,01:21,"One-on-one statements and papers, I can not write them anymore, no one reads."
482,2023-02-21T07:33:43Z,00:00,00:27,"During the supply of ammunition, Akhmat and some other units shared what they could. Generals who are around the leadership of the group sign documents, including those for which after that they will be put in the chamber of the military prosecutor's office."
482,2023-02-21T07:33:43Z,00:27,00:50,"They will be given ammunition that we receive directly from the wheels. The head of the General Staff and the Minister of Defense distribute commands to the right and to the left, which say that the ChVK ""Wagner"" should not only give ammunition, but also help with air transport."
482,2023-02-21T07:33:43Z,00:50,01:11,"Now there is information that they have outlined the receipt of sapper shovels so that the guys could dig. There is a direct counteraction, which is called in no other way an attempt to destroy the ChVK ""Wagner"". It can be compared to treason."
482,2023-02-21T07:33:43Z,01:11,01:20,"At the moment when the ChVK ""Wagner"" is fighting for Bakhmut, losing hundreds of their soldiers every day."
480,2023-02-20T16:59:45Z,00:00,00:20,"In Bakhmut, when the bodies of the soldiers of the Air Force were collected, such a funny document was taken from one of the bodies. Therefore, the conclusion is as follows. In Bakhmut, Zelensky was killed."
473,2023-02-20T09:38:53Z,00:00,00:08,Thanks to Zhenya Poddubny for raising the topic of ammunition to the level at which it should be heard.
473,2023-02-20T09:38:53Z,00:08,00:21,"He did not raise it by hearing, but he himself climbs into hell, he himself sees the situation, and therefore it is clear to him and is on the verge of all the problems that we have today."
473,2023-02-20T09:38:53Z,00:21,00:37,"As they say, shit boils, blood boils, but the questions that I asked about ammunition, unfortunately, remain absolutely unsolved."
473,2023-02-20T09:38:53Z,00:37,00:54,"This is a serious problem. Moreover, the country has ammunition, this has been stated more than once, the industry has reached the necessary volumes, gives what the country needs, moreover, gives with a margin."
473,2023-02-20T09:38:53Z,00:54,01:08,And I am surprised that no one expected that they would be able to solve all the existing problems so quickly and do what has not been done in the last 80 years anywhere in the world in terms of volumes.
473,2023-02-20T09:38:53Z,01:08,01:22,"Moreover, I know the warehouses, I know the numbers of the parties, I know the numbers of the boxes, I clearly understand where what is located and I know that these ammunition are."
473,2023-02-20T09:38:53Z,01:22,01:36,"I can not solve this problem, despite all my acquaintances, connections, everything is drowning and dying, no decisions are made."
473,2023-02-20T09:38:53Z,01:36,02:00,"Generals, officers in military headquarters, in various positions, help with what they can, help with all their might, try, resist, sometimes violate military laws in order to give us additional ammunition, which we so need."
473,2023-02-20T09:38:53Z,02:00,02:14,"No one has any understanding of where some limits came from, where the procedures for which you need to receive, no one knows the ways to sign certain documents."
473,2023-02-20T09:38:53Z,02:14,02:32,"Everyone nods somewhere up, pointing up and saying that you know, Yevgeny Viktorovich, you have difficult relations over there, they roll their fingers, point up and roll their eyes."
473,2023-02-20T09:38:53Z,02:32,02:46,"And so you need to go apologize and apologize, then your fighters will receive ammunition. Who to apologize to, to whom to apologize to?"
473,2023-02-20T09:38:53Z,02:46,02:59,"140 million Russians, please tell me who I should apologize to, so that my guys die twice as rarely as it happens today."
473,2023-02-20T09:38:53Z,02:59,03:16,"Today, every day, two times more fighters die, ChVK ""Wagner"", and not only ChVK ""Wagner"", but other military units that we can not cover, due to the full-scale so-called hunger,"
473,2023-02-20T09:38:53Z,03:16,03:33,"when we are not given what is in the warehouses, someone sits, bends his fingers and, according to his understanding, according to his mood, decides to give us one or another shell or not."
473,2023-02-20T09:38:53Z,03:33,03:48,"At this time, a specific person dies, he lies in a trench, a shell of the enemy flies at him, we cannot stop the artillery of the enemy, because we do not have the means of defeat."
473,2023-02-20T09:38:53Z,03:48,04:05,"This particular person has two legs or two hands, a specific wife, daughter, son or mother are deprived of their loved one, we put him in a zinc coffin and take him to the cemetery to bury."
473,2023-02-20T09:38:53Z,04:05,04:14,"Is there no conscience to stop fucking like a fly on glass, stop building a cave?"
473,2023-02-20T09:38:53Z,04:14,04:28,"Applications are written every day, according to the agreed regulations, they are transferred to the relevant authorities, but after that no one knows who should give an answer and where they should go."
473,2023-02-20T09:38:53Z,04:28,04:43,"My efforts are not enough for the receipt yet. These guys, they went to fight not for Prigozhin, they went to fight for the homeland."
473,2023-02-20T09:38:53Z,04:43,04:55,"And all the advantages of Prigozhin are that they trust him, managed to organize and saw him in him, one of them, of those who need victory in this war."
473,2023-02-20T09:38:53Z,04:55,05:13,"Then, when he commanded the group of General Suravikhin, no matter how many rumors went, good relations with him or not, I meet him only when he comes to expand the front, or on those issues that are, I call and called."
473,2023-02-20T09:38:53Z,05:13,05:34,"And I say to you, we had no problems with ammunition, even though the industry is still creaking. Those who prevent us from winning this war, they are absolutely straight, absolutely straight, work for the enemy, help the enemy to break the rostrum of Russia."
473,2023-02-20T09:38:53Z,05:34,05:54,"There is a tradition that the Russians are dying, but do not give up. And the Russians are dying, only they are dying not for their home and their homeland, but half of them are dying because some military officials do not want to tear off their asses and understand that these are not whims."
473,2023-02-20T09:38:53Z,05:54,06:16,"You can not be capricious at the moment when the country is in danger. I do not blame anyone and I do not want to show anyone anything. I just say, leave your whims, leave your principles and give ammunition."
473,2023-02-20T09:38:53Z,06:16,06:34,"I do not poke your nose with the fact that you sit, have breakfast, lunch, dinner with a golden plate and send your daughters, granddaughters and beetles to rest on the oak trees, not being ashamed of anything at the moment when a Russian soldier dies at the front."
473,2023-02-20T09:38:53Z,06:34,06:56,I just ask you to give ammunition. This is not an extremist statement and not an attempt to insult someone. And I'm sorry if something is wrong. Give ammunition in the right amount that is in the warehouses.
468,2023-02-18T12:42:23Z,00:00,00:13,"I was informed that a video is spreading on the Internet, where ChVK ""Wagner"" soldiers are shooting at the portraits of Gerasimov and Lapin with machine guns."
468,2023-02-18T12:42:23Z,00:13,00:16,I want to say the following.
468,2023-02-18T12:42:23Z,00:16,00:24,"The fact that the artillerymen were shooting at the ChVK ""Wagner"" and asking for ammunition, I confirm that this is the art of the ChVK ""Wagner"" division."
468,2023-02-18T12:42:23Z,00:24,00:34,"As for this video, I did not see it, I was described in detail and gave my comments to my guys, who analyzed it in detail."
468,2023-02-18T12:42:23Z,00:34,00:45,"First, we have snow everywhere, so these ""Krendels"" in shirts were probably filmed somewhere in the southern directions."
468,2023-02-18T12:42:23Z,00:45,00:53,"Second, we do not use new ""Pechenegs"" with needlework."
468,2023-02-18T12:42:23Z,00:53,01:01,"And third, I can confirm once again that this is not the ChVK ""Wagner"", but the Ukrainian ""Faith""."
464,2023-02-18T00:11:13Z,00:00,00:08,"The settlement of Praskovievka is completely under the control of the ChVK ""Wagner"" units."
464,2023-02-18T00:11:13Z,00:08,00:23,"Despite the ammunition blockade, despite the heavy losses and bloody battles, the guys have completely taken over the entire territory of Praskovievka."
464,2023-02-18T00:11:13Z,00:23,00:27,"Thank them, heroes!"
455,2023-02-16T14:53:42Z,00:00,00:04,I am not a fool for honesty and frankness.
455,2023-02-16T14:53:42Z,00:04,00:10,"In any case, whether with ammunition or not, the enemy will not be able to destroy us."
455,2023-02-16T14:53:42Z,00:10,00:17,"But corrupt bureaucrats can put a cross even on the ChVK ""Wagner""."
446,2023-02-14T14:54:53Z,00:00.200,00:05,I have no information that such leaflets are posted
446,2023-02-14T14:54:53Z,00:05,00:08.400,this is an exclusive version of social networks
446,2023-02-14T14:54:53Z,00:08.400,00:12,the 16th may be associated with anything
446,2023-02-14T14:54:53Z,00:12,00:16,"with weather conditions, with the calm of the wind"
446,2023-02-14T14:54:53Z,00:16,00:17.400,and other factors
446,2023-02-14T14:54:53Z,00:17.400,00:22.400,certainly any smoke screen creates certain difficulties
446,2023-02-14T14:54:53Z,00:22.400,00:24,but this is not critical
446,2023-02-14T14:54:53Z,00:24,00:26,as for civilians
446,2023-02-14T14:54:53Z,00:26,00:29.600,it is unlikely that the SUB prohibits exit from the city
446,2023-02-14T14:54:53Z,00:29.600,00:34,"as a rule, civilians are released to their territory"
446,2023-02-14T14:54:53Z,00:34,00:37,so time will tell
443,2023-02-14T12:25:42Z,00:00,00:03.400,I do not understand where this nonsense comes from
443,2023-02-14T12:25:42Z,00:03.400,00:08.200,in all directions the enemy is being activated
443,2023-02-14T12:25:42Z,00:08.200,00:11.600,new reserves are being pulled up
443,2023-02-14T12:25:42Z,00:11.600,00:16,daily from 300 to 500 new fighters
443,2023-02-14T12:25:42Z,00:16,00:20.300,come to Bakhmut in all directions
443,2023-02-14T12:25:42Z,00:20.300,00:25.200,artillery fire is intensified every day
443,2023-02-14T12:25:42Z,00:25.200,00:29.800,today in the north there are the hardest battles
443,2023-02-14T12:25:42Z,00:29.800,00:36.100,there are no prerequisites for encirclement of the enemy in the northern regions
443,2023-02-14T12:25:42Z,00:36.100,00:39,storm house by house
443,2023-02-14T12:25:42Z,00:39,00:42.400,square meter by square meter
443,2023-02-14T12:25:42Z,00:42.400,00:45.600,the hardest combat work is underway
443,2023-02-14T12:25:42Z,00:45.600,00:51,where do the stories about some kind of encirclement come from?
443,2023-02-14T12:25:42Z,00:51,00:54.400,something else is not clear at all
443,2023-02-14T12:25:42Z,00:54.400,01:00,"Bakhmut tomorrow will not be taken, because there is a heavy resistance"
443,2023-02-14T12:25:42Z,01:00,01:03.800,mincing is underway
443,2023-02-14T12:25:42Z,01:03.800,01:06.600,so that the mincer works properly
443,2023-02-14T12:25:42Z,01:06.600,01:10.600,it is impossible to suddenly take and start celebrating the holiday
443,2023-02-14T12:25:42Z,01:10.600,01:14,there will be no holiday in the near future
443,2023-02-14T12:25:42Z,01:14,01:20.600,"and therefore, to discuss and demoralize everyone with their unfulfilled promises"
443,2023-02-14T12:25:42Z,01:20.600,01:23.800,absolutely no sense
443,2023-02-14T12:25:42Z,01:23.800,01:28.200,it gives the impression that everyone has run away
443,2023-02-14T12:25:42Z,01:28.200,01:31,"there is no one, Ukraine is empty"
443,2023-02-14T12:25:42Z,01:31,01:34.200,"and we are mingling, we can not enter"
443,2023-02-14T12:25:42Z,01:34.200,01:37.200,I invite everyone to come forward
443,2023-02-14T12:25:42Z,01:37.200,01:39.600,take the machine gun and run
443,2023-02-14T12:25:42Z,01:39.600,01:42.600,to grab the ass of the encircled enemy
434,2023-02-12T07:52:44Z,00:00,00:05,"Where there are no, there are no. We are not in the north, not in the south."
434,2023-02-12T07:52:44Z,00:05,00:12,"And when they say that the fighters of the ChVK ""Wagner"" took the coal, it is not so."
433,2023-02-12T07:52:44Z,00:00,00:07,"Today, the settlement of Red hill was taken by the assault units of the ChVK ""Wagner""."
433,2023-02-12T07:52:44Z,00:07,00:18,"After the taking of ""Solidar"" and the mass noise that there were someone in ""Solidar"" except the fighters of ChVK ""Wagner"","
433,2023-02-12T07:52:44Z,00:19,00:36,"it was very unpleasant for the guys. Therefore, I want to emphasize that there is no one on ""Bahmut"". There are no special units that cover, intercept and intercept something."
433,2023-02-12T07:52:44Z,00:36,00:46,"In the radius of 50 km, plus or minus, there are only fighters of ChVK ""Wagner"" who will take ""Bahmut""."
433,2023-02-12T07:52:44Z,00:46,00:48,to be continued...
366,2023-01-28T21:00:46Z,00:00.400,00:03.400,"""The commander of the stormtrooper group"""
366,2023-01-28T21:00:46Z,00:03.400,00:05.400,The commander of the stormtrooper group
366,2023-01-28T21:00:46Z,00:05.400,00:09.400,"is a friendly unit of the ""Blagodrataya"""
366,2023-01-28T21:00:46Z,00:09.400,00:13.400,"""Blagodrataya"" under our control."
366,2023-01-28T21:00:46Z,00:13.400,00:13.900,*Bang*
362,2023-01-28T11:31:32Z,00:00,00:02.760,Troshev's phone was given to him.
362,2023-01-28T11:31:32Z,00:02.760,00:06.320,"As far as I know, he made one call"
362,2023-01-28T11:31:32Z,00:06.320,00:08.320,until they agreed on something.
362,2023-01-28T11:31:32Z,00:08.320,00:12.280,He is sure that Strelkov will behave
362,2023-01-28T11:31:32Z,00:12.280,00:14.080,like a finished cycle.
362,2023-01-28T11:31:32Z,00:14.080,00:16.560,How will the case go on?
362,2023-01-28T11:31:32Z,00:16.560,00:18.480,Troshev will invite him to Lugansk.
362,2023-01-28T11:31:32Z,00:18.480,00:22.480,There he will get to the standard procedure of the commanders' council.
362,2023-01-28T11:31:32Z,00:22.480,00:24.960,Only on the advice of the commanders it is possible
362,2023-01-28T11:31:32Z,00:24.960,00:27.720,to become a command link
362,2023-01-28T11:31:32Z,00:27.720,00:30.200,even in the department.
362,2023-01-28T11:31:32Z,00:30.200,00:31.760,"At the commanders' council,"
362,2023-01-28T11:31:32Z,00:31.760,00:35.160,a couple of dozen people who are angry with him
362,2023-01-28T11:31:32Z,00:35.160,00:36.640,"will tell him,"
362,2023-01-28T11:31:32Z,00:36.640,00:40.320,"""You bastard, why did you come here, you fucking bitch?"""
362,2023-01-28T11:31:32Z,00:40.320,00:42.040,"Then they will ask questions,"
362,2023-01-28T11:31:32Z,00:42.040,00:44.600,"""Why did you, you little bitch, surrender Slavyansk?"""
362,2023-01-28T11:31:32Z,00:44.600,00:47.640,"""Tell me how you took the money, you damn bitch,"
362,2023-01-28T11:31:32Z,00:47.640,00:50.440,"from Akhmetov in order to escape from him."""
362,2023-01-28T11:31:32Z,00:50.440,00:53.560,"""Tell me how you left the guys, you bastard."""
362,2023-01-28T11:31:32Z,00:53.560,00:55.200,And all the rest of the questions.
362,2023-01-28T11:31:32Z,00:55.200,00:58.720,"Most likely, Strelkov's life will not end there,"
362,2023-01-28T11:31:32Z,00:58.720,01:00.240,but questions will be asked.
362,2023-01-28T11:31:32Z,01:00.240,01:01.400,There is no way without them.
362,2023-01-28T11:31:32Z,01:01.400,01:03.240,"After all, he goes to the team"
362,2023-01-28T11:31:32Z,01:03.240,01:06.240,where everyone must cover the back of the comrade.
362,2023-01-28T11:31:32Z,01:06.240,01:09.960,"This person is not famous for his courage,"
362,2023-01-28T11:31:32Z,01:09.960,01:13.400,his courage and his reliability.
362,2023-01-28T11:31:32Z,01:13.400,01:14.760,"Therefore, there will be questions."
362,2023-01-28T11:31:32Z,01:14.760,01:17.880,"If the commanders still agree to leave him,"
362,2023-01-28T11:31:32Z,01:17.880,01:21.920,"and this will happen only if I say the key word,"
362,2023-01-28T11:31:32Z,01:21.920,01:23.920,"he will be sent to a training camp,"
362,2023-01-28T11:31:32Z,01:23.920,01:26.400,"where if he starts to slip,"
362,2023-01-28T11:31:32Z,01:26.400,01:29.840,"these questions will be asked to him over and over again,"
362,2023-01-28T11:31:32Z,01:29.840,01:31.320,perhaps with passion.
362,2023-01-28T11:31:32Z,01:31.320,01:33.200,"If everything goes well,"
362,2023-01-28T11:31:32Z,01:33.200,01:36.960,"then in a month or two he will be thrown into the very hell,"
362,2023-01-28T11:31:32Z,01:36.960,01:39.520,where he will have to prove his reliability.
362,2023-01-28T11:31:32Z,01:39.520,01:42.200,"If he survives, I will shake his hand."
362,2023-01-28T11:31:32Z,01:42.200,01:45.600,"If he tries to escape, I will stick a stick in his face."
362,2023-01-28T11:31:32Z,01:45.600,01:48.840,"If he dies a hero, we will bury him with honors."
362,2023-01-28T11:31:32Z,01:48.840,01:53.600,"In fact, this is the prospect of working in the ChVK ""Wagner"""
362,2023-01-28T11:31:32Z,01:53.600,01:54.600,at Strelkov.
362,2023-01-28T11:31:32Z,01:54.600,01:55.880,There is also a second option -
362,2023-01-28T11:31:32Z,01:55.880,01:57.400,"to come as an ordinary stormtrooper,"
362,2023-01-28T11:31:32Z,01:57.400,01:59.400,"to pass the selection as an ordinary stormtrooper,"
362,2023-01-28T11:31:32Z,01:59.400,02:01.400,training as an ordinary stormtrooper
362,2023-01-28T11:31:32Z,02:01.400,02:03.640,and to fight as an ordinary stormtrooper.
362,2023-01-28T11:31:32Z,02:03.640,02:05.040,"Day after day,"
362,2023-01-28T11:31:32Z,02:05.040,02:06.640,"feat after feat,"
362,2023-01-28T11:31:32Z,02:06.640,02:12.080,defending your place as the commander of the stormtrooper group
362,2023-01-28T11:31:32Z,02:12.080,02:15.800,"or other qualifications and opportunities,"
362,2023-01-28T11:31:32Z,02:15.800,02:17.880,and the authority of the place.
362,2023-01-28T11:31:32Z,02:17.880,02:20.600,"And the authority, I can honestly say,"
362,2023-01-28T11:31:32Z,02:20.600,02:22.360,"among the fighters of the ChVK ""Wagner"","
362,2023-01-28T11:31:32Z,02:22.360,02:25.960,"and almost among all the fighters who are now in Donbass,"
362,2023-01-28T11:31:32Z,02:25.960,02:27.760,"is not lower than the plinth,"
362,2023-01-28T11:31:32Z,02:27.760,02:29.760,but lower than the city sewer.
362,2023-01-28T11:31:32Z,02:29.760,02:32.760,"So welcome, Mr. Strelkov,"
362,2023-01-28T11:31:32Z,02:32.760,02:34.760,to our friendly team.
337,2023-01-25T06:59:23Z,00:00,00:05,About Stan. What can I say? I remember him well.
337,2023-01-25T06:59:23Z,00:05,00:11,"A strong man came to me in July, about 60 years old."
337,2023-01-25T06:59:23Z,00:11,00:14,"I put him in the GES calculation, shot him."
337,2023-01-25T06:59:23Z,00:14,00:18,"So, a couple of days later, he surrendered to the stormtroopers."
337,2023-01-25T06:59:23Z,00:18,00:22,"And in the first storm, he jumped on the first support."
337,2023-01-25T06:59:23Z,00:22,00:29,"Then he gathered a group of three desperate, just like him, old robbers, as we called their joke."
337,2023-01-25T06:59:23Z,00:29,00:34,"They will sneak up at night on soft paws and then they will take off the secret, then they will bring the prisoners."
337,2023-01-25T06:59:23Z,00:34,00:38,"Nightmare for Ukrops, in short, they are a sensible uncle."
337,2023-01-25T06:59:23Z,00:38,00:42,It can be seen that a large life experience of a man behind his back.
337,2023-01-25T06:59:23Z,00:42,00:47,He was severely injured in November of last year.
337,2023-01-25T06:59:23Z,00:47,00:51,"But nothing, he stayed on the front."
337,2023-01-25T06:59:23Z,00:51,00:54,It's okay. It was a pity to part with him.
337,2023-01-25T06:59:23Z,00:54,00:55,He is worth a few.
337,2023-01-25T06:59:23Z,00:55,00:57,"Handsome, by the way."
312,2023-01-20T22:13:06Z,00:00,00:19,"I consider it necessary to organize courses for military nurses based on the training of the ChVK ""Wagner"" to save their hands, legs and heads."
301,2023-01-20T15:21:10Z,00:01,00:07,"Good evening, Evgeny Viktorovich. I am the head of the military service of the front hospital of Chelyabinsk."
301,2023-01-20T15:21:10Z,00:07,00:14,I report that the military nurse Anastasia was injured in the left knee.
301,2023-01-20T15:21:10Z,00:14,00:27,"She was brought to the military field surgical hospital, where medical assistance was provided in the volume of primary surgical treatment of the wound and installation of the external fixation apparatus."
301,2023-01-20T15:21:10Z,00:27,00:38,"40-50 minutes ago, with our resources, Anastasia was evacuated to further specialized treatment in our other hospitals."
301,2023-01-20T15:21:10Z,00:38,00:42,"The left knee is, of course, preserved. The condition does not threaten anything."
294,2023-01-19T07:50:36Z,00:00,00:15.400,"We can safely say that the settlement of Kresheevka, which is one of the important suburbs of Bakhmut, is completely taken under control by the divisions of the ChVK ""Wagner""."
294,2023-01-19T07:50:36Z,00:15.400,00:20.200,"Exclusively by the divisions of the ChVK ""Wagner""."
294,2023-01-19T07:50:36Z,00:20.200,00:22.600,Kresheevka is liberated.
294,2023-01-19T07:50:36Z,00:22.800,00:32.600,Fierce fighting is still going on around Kresheevka. The enemy is clinging to every meter of the ground.
294,2023-01-19T07:50:36Z,00:32.600,00:39.200,"Despite various opinions that the USSR is running after Artyomovsk, this is not the case."
294,2023-01-19T07:50:36Z,00:39.200,00:45.600,"The USSR works clearly, smoothly. We have something to learn from them."
294,2023-01-19T07:50:36Z,00:45.600,00:51.600,"But in any case, the divisions of the ChVK ""Wagner"" are moving forward meter by meter."
294,2023-01-19T07:50:36Z,00:51.800,00:54.300,"The green point ""Artem"" will be taken!"
257,2023-01-10T21:12:58Z,00:00,00:09,"Once again I want to emphasize that in the assault of ""Solidar"" did not participate any units, except the fighters of the ChVK ""Wagner""."
256,2023-01-10T21:12:58Z,00:00,00:16,"The unit of the ChVK ""Wagner"" took under control the entire territory of ""Solidar"", in the center of the city is formed a boiler, in which are conducted city battles. The number of prisoners will be reported tomorrow."
252,2023-01-10T20:47:15Z,00:00,00:21,"As for the criticism that I heard from the respected, to me very nice, General Boldarev, it is absolutely accepted, there is only one nuance, it is too late to say that me and Kadyrov are not military people, but civil."
252,2023-01-10T20:47:15Z,00:21,00:40,"I have been 8 years as I have the deepest combat experience, in many ways significantly superior to those who are in the service in the Ministry of Defense for decades, and Kadyrov, I think that he is much more and deeper."
251,2023-01-10T20:47:14Z,00:01,00:20,"As for the question about the RTVI, I knew about the possibility of such an appointment, so I have a prepared answer, which the press service publishes without my presence."
250,2023-01-10T20:47:14Z,00:00,00:17,"There was no possibility to get in touch with him, while he was moving along the ""Bahmut"" and ""Solidar"", or rather, under the ""Bahmut"" and ""Solidar""."
206,2022-12-26T19:27:13Z,00:00,00:14,-
206,2022-12-26T19:27:13Z,00:14,00:20,-
206,2022-12-26T19:27:13Z,00:20,00:26,-
206,2022-12-26T19:27:13Z,00:26,00:32,-
206,2022-12-26T19:27:13Z,00:32,00:38,-
206,2022-12-26T19:27:13Z,00:38,00:42,There are no nationalists on that noisy video.
